kor,hanja
광배,光背
대좌,臺座
안상,眼象
왕,王
정유산,鄭惟産
안민후,安民厚
백토,白土
대자보전,大慈寶殿
미륵전,彌勒殿
팔,八
안양사,安養寺
대좌,臺座
서방,西方
백토,白土
광명등,光明燈
화사석,火舍石
매병,梅甁
송,宋
공신도감,功臣都監
개국원종공신,開國原從功臣
결,結
근작,謹作
운,韻
광배,光背
삼존불,三尊佛
보관,寶冠
광배,光背
배,舟
대좌,臺座
불감,佛龕
광배,光背
관,冠
관,冠
비색,翡色
완형,盌形
은입사,銀入絲
범자,梵字
범자,梵字
시,詩
충무,忠武
기단,基壇
탑신,塔身
전탑,塼塔
감실,龕室
관,冠
천의,天衣
대좌,臺座
광배,光背
광배,光背
불신,佛身
대좌,臺座
대좌,臺座
광배,光背
보주형,寶珠形
관,冠
광배,光背
배,舟
대좌,臺座
광배,光背
배,舟
대좌,臺座
관,冠
삼산반가사유상,三山半跏思惟像
대좌,臺座
광배,光背
대좌,臺座
관,冠
광배,光背
삼존불,三尊佛
촉,觸
배,舟
신묘,辛卯
기단,基壇
아,亞
탑신,塔身
아,亞
팔,八
내관,內冠
외관,外冠
출,出
출,出
외관,外冠
관모,冠帽
관,棺
옥,玉
비취옥,玉
부부총,夫婦塚
서역,西域
판,板
삼각모,三角帽
건,巾
공예의장,工藝意匠
정병,淨甁
은입사,銀入絲
은판,銀板
입사기법,入絲技法
도공,陶工
인종,仁宗
황통,皇統
구형,球形
수구,水口
왕,王
빙렬,氷裂
기단,基壇
탑신,塔身
개국사,開國寺
기단부,基壇部
탑신부,塔身部
왕,王
정유산,鄭惟産
안민후,安民厚
선,禪
대선사,大禪師
국사,國師
기단,基壇
탑신,塔身
십,十
비천상,飛天像
광명등,光明燈
화사석,火舍石
선,禪
기단,基壇
안상,眼象
안상,眼象
탑신,塔身
천왕상,四天王像
기단,基壇
탑신,塔身
부중상,八部衆像
비상,碑像
대좌,臺座
청화,靑華
진사,辰砂
서광암,瑞光庵
삼존불,三尊佛
대좌,臺座
천불,千佛
대좌,臺座
관,冠
찬,贊
평정건,平頂巾
기단,基壇
탑신,塔身
백토,白土
백토,白土
대좌,臺座
광배,光背
불신,佛身
삼산관,三山冠
대좌,臺座
광배,光背
동사,東寺
천불,千佛
문양띠,上帶
삼존상,三尊像
띠,下帶
윗띠,上帶
진전,陳田
기단,基壇
탑신,塔身
천인상,天人像
부신중,八部神衆
향류,香類
백호,白毫
보관,寶冠
삼도,三道
시유골호,施釉骨壺
어자문,魚子文
선각,線刻
관,冠
정병,淨甁
대좌,臺座
관,冠
정병,淨甁
대좌,臺座
대좌,臺座
관,冠
천의,天衣
기단,基壇
탑신,塔身
감실,龕室
세계,世系
광배,光背
불신,佛身
대좌,臺座
관,冠
배,舟
기단,基壇
의기용,儀器用
내구,內區
중구,中區
외구,外區
운,韻
대좌,臺座
광배,光背
산형,山形
다로,茶爐
호정방,胡庭芳
사기,史記
한서,漢書
오대,五代
정사,正史
당서,唐書
계미자,癸未字
오대,五代
정사,正史
계미자,字
교편,校編
교편,校編
명신,名臣
시정,施政
표문,表文
전문,牋文
계미자,癸未字
사관,史官
사초,史草
시정기,時政記
승정원일기,承政院日記
일성록,日省錄
사고,史庫
안의,安義
손홍록,孫弘錄
병화,兵火
정본,正本
장정,裝幀
조선왕조실록,朝鮮王朝實錄
태조,太祖
철종,哲宗
사고,史庫
이왕가도서지장,李王家圖書之章
조선왕조실록,朝鮮王朝實錄
태조,太祖
철종,哲宗
편년,編年
사고,史庫
봉모당,奉謨堂
어제어필,御製御筆
선원록,璿源錄
국조보감,國朝寶鑑
봉모당인,奉謨堂印
어람용,御覽用
조선왕조실록,朝鮮王朝實錄
태조,太祖
철종,哲宗
편년,編年
성종대왕실록,成宗大王實錄
묘호,廟號
사고,史庫
중간본,重刊本
비변사,備邊司
비국,備局
비국등록,備局謄錄
승정원일기,承政院日記
일성록,日省錄
정조,正祖
세손,世孫
증자,曾子
시정,施政
일성록,日省錄
왕관,王冠
지석,誌石
관,冠
투조,透彫
관,冠
지석,誌石
타출법,打出法
석수,石獸
칠,朱述
어룡,魚龍
보요,步搖
농담,濃淡
수지법,樹枝法
묘지,墓誌
김윤,金潤
묘지,墓誌
대좌,臺座
매병,梅甁
태,胎
태,胎
인화문,印花文
박지기법,剝地技法
송백,松柏
장말익,張末翼
홍패,紅牌
백패,白牌
대좌,臺座
관,冠
광배,光背
관,冠
정병,淨甁
광배,光背
대좌,臺座
촉,觸
구마라습,鳩摩羅什
변상도,變相圖
대좌,臺座
광배,光背
봉감,鳳甘
모전석탑,模塼石塔
기단,基壇
탑신,塔身
감실,龕室
관,冠
관,棺
판,板
관,管
직립,直立
대좌,臺座
광배,光背
전순미,田洵美
실차난타,實叉難陀
변상도,變相圖
고려대왕,高麗大王
전부대사자,前部大使者
제위,諸位
사자,使者
고모루성,古牟婁城
모인삼백,募人三百
신라토내,新羅土內
대장도감,大藏都監
사간판전,寺刊板殿
불자,拂子
오월,吳越
전홍숙,錢弘淑
기단,基壇
탑신,塔身
불상,佛像
모,慕
삼중대사,三重大師
안체,安諦
반자밀제,般刺密帝
계환,戒環
기단,基壇
탑신,塔身
풍탁,風鐸
향완,香垸
기축,己丑
교연,皎然
정,貞
변상도,變相圖
수기도,授記圖
진여원,眞如院
대좌,臺座
팔,八
행각,行閣
팔,八
인정,仁政
법전,法殿
조정,朝廷
정,正
종,從
당상관,堂上官
당하관,堂下官
배,拜
곡배,曲拜
일월오악도,日月五岳圖
팔,八
태묘,太廟
인,人
황도,黃道
적도,赤道
천문,天文
지구의,地球儀
동,銅
세형동검용범일조,細形銅劍鎔范一組
동부,銅斧
환조,桓祖
법승,法勝
법연,法緣
두온애랑,豆溫哀郞
지권인,智拳印
여래형,如來形
무구정광대다라니경,無垢淨光大陀羅尼經
구마라습,鳩摩羅什
변상도,變相圖
지,至
행원품변상문경화,行願品變相文卿畵
탑신,塔身
기단,基壇
탑신,塔身
인왕상,仁王像
시,詩
공,空
현장,玄奘
장,丈
폭,幅
장,張
경,竟
장,丈
장,張
대인,大人
실직주,悉直州
대인,大人
척,尺
습,習
경,敬
경,竟
경권,經卷
경명,經名
경,經
장,丈
폭,幅
장,張
장,丈
경,竟
삼면보관,三面寶冠
대좌,臺座
보병,寶甁
주현,州縣
수영,水營
병영,兵營
동궐도,東闕圖
동궐도,東闕圖
공신도감,功臣都監
경,經
론,論
론,論
성불,成佛
현장,玄奘
함차,函次
보,寶
장,丈
장,張
장,丈
경,竟
효문,孝文
실차난타,實叉難陀
장,丈
폭,幅
장,張
경,敬
장,丈
실차난타,實叉難陀
장,丈
폭,幅
장,張
장,丈
경,竟
절거리,節居利
계미,癸未
간지,干支
실차난타,實叉難陀
장,丈
폭,幅
장,張
경,竟
실차난타,實叉難陀
경,敬
경,竟
경,敬
경,竟
경,經
론,論
론,論
성불,成佛
현장,玄奘
장,丈
폭,幅
장,張
장,丈
경,經
론,論
논,論
성불,成佛
북량,北凉
부타발마,浮陀跋摩
도태,道泰
장,丈
폭,幅
장,張
장,丈
경,竟
법현,法賢
장,丈
폭,幅
장,張
장,丈
모자,母子
섭정의품,攝淨義品
제이지팔,第二之八
장차,張次
장차,張次
장,丈
장,張
실차난타,實叉難陀
장,丈
폭,幅
장,張
장,丈
경,敬
장,丈
폭,幅
장,張
경,敬
경,竟
경,鏡
향,香
곡,穀
서지학,書誌學
원,元
송,宋
주자발,鑄字跋
공,空
현장,玄裝
장,丈
폭,幅
장,張
명문,銘文
성왕,聖王
창왕,昌王
위덕왕,威德王
성왕,聖王
창왕,昌王
향류,香類
통도,通度
계단,戒壇
운,韻
관,冠
대좌,臺座
법형,法浻
철학,哲學
의겸,義謙
승정원,承政院
의례,儀禮
조보,朝報
춘방일기,春坊日記
주서,注書
가주서,假注書
사변가주서,事變假注書
초책,草冊
승지,承旨
이주,移柱
고주,高柱
고주,高柱
팔,八
궐패,闕牌
무인도,武人圖
삼국유사,三國遺事
을해,乙亥
석주,昔珠
보사,補寫
풍,豊
삼국유사,三國遺事
을해,乙亥
석주,昔珠
보사,補寫
풍,豊
일연,一然
보고,寶庫
왕력,王曆
기이,紀異
결장,缺張
일연,一然
보고,寶庫
완질,完帙
인출,印出
교감,校勘
원판,原板
행간,行間
구결,音讀口訣
현토,懸吐
봉보주인,捧寶珠印
최고,最古
고부조,高浮彫
육계,肉髻
민머리,素髮
삼도,三道
손,手印
길상좌,吉祥坐
법의,法衣
통견의,通肩衣
선각화,線刻化
도식적,圖式的
대좌,臺座
앙련,仰蓮
복련,覆蓮
불신,佛身
광배,頭光
광배,身光
중원,三重圓
불꽃무늬,火焰紋
감실,龕室
유백색,乳白色
관요,官窯
사옹원,司饔院
분원,分院
성형,成型
번조,燔造
유백색,乳白色
관요,官窯
사옹원,司饔院
분원,分院
성형,成型
번조,燔造
봉정사,鳳停寺
능인대사,能仁大師
팔,八
사방불,四方佛
삼존불,三尊佛
회,七處九會
구산선문,九山禪門
희양산문,曦陽山門
도헌국사,道憲國師
지증대사,智證大師
도신,道信
법랑,法朗
신행,愼行
준범,遵範
혜은,慧隱
도헌,道憲
법계,法系
선종사,禪宗史
최치원,崔致遠
대숭복사비,大崇福寺碑
각자,刻字
혜강,慧江
신이,神異
왕토사상,王土思想
기진,寄進
사직,寺職
소도,蘇塗
고비,古碑
인,人
하앙식,下昻式
최고,最古
화강암,花崗巖
음각,陰刻
각자,刻字
궁,宮
필의,筆意
고해서,古楷書
전초,顚草
동의보감,東醫寶鑑
양예수,楊禮壽
이명원,李命源
내경편,內景篇
외형편,外形篇
잡병편,雜病篇
탕액편,湯液篇
침구편,鍼灸篇
대강,大綱
명말청초,明末清初
교토서림,京都書林
오사카서림,大坂書林
동의보감,東醫寶鑑
양예수,楊禮壽
이명원,李命源
내경편,內景篇
외형편,外形篇
잡병편,雜病篇
탕액편,湯液篇
침구편,鍼灸篇
대강,大綱
명말청초,明末清初
교토서림,京都書林
오사카서림,大坂書林
동의보감,東醫寶鑑
내사기,內賜記
선사지보,宣賜之寶
장방형주인,長方形朱印
내사기,內賜記
동의보감,東醫寶鑑
동의보감,東醫寶鑑
양예수,楊禮壽
이명원,李命源
내경편,內景篇
외형편,外形篇
잡병편,雜病篇
탕액편,湯液篇
침구편,鍼灸篇
대강,大綱
명말청초,明末清初
교토서림,京都書林
오사카서림,大坂書林
월인천강지곡,月印千江之曲
단응,端應
탁밀,卓密
기전체,紀傳體
삼국유사,三國遺事
경주부,慶州府
인출,印出
원판,原板
개각,改刻
판,板
완질본,完帙本
장정,裝幀
기전체,紀傳體
삼국유사,三國遺事
관찬사서,官撰史書
혜명,慧明
무외,無畏
신증동국여지승람,新增東國輿地勝覽
보관,寶冠
신덕왕후,神德王后
경순궁주,慶順宮主
대의,大意
고려국왕지인,高麗國王之印
어보,御寶
기로소,耆老所
계,契
계첩,契帖
문관,文官
경현당,景賢堂
사연,賜宴
어제,御製
축시,祝詩
흥정당,興政堂
어첩봉안도,御帖奉安圖
숭정전진하전도,崇政殿進賀箋圖
경현당석연도,景賢堂錫宴圖
은배,銀盃
봉배귀사도,奉盃歸社圖
기사사연도,耆社私宴圖
김진여,金振汝
장태흥,張泰興
태묘,太廟
고려사,高麗史
왕흥사지,王興寺址
삼국사기,三國史記
보주형,寶珠形
은제탁잔,銀製托盞
조응대선사,祖膺大禪師
경장,經藏
강우,降雨
대구감영,大邱監營
선화당,宣化堂
이문원,摛文院
고승,高僧
화엄학,華嚴學
학승,學僧
희랑대,希朗臺
왕건,王建
해행당,解行堂
진상전,眞常殿
조사전,祖師殿
보장전,寶藏殿
봉안,奉安
가야산기,伽倻山記
건칠,乾漆
흉혈국인,胸穴國人
흉혈,胸穴
기로소,耆老所
계첩,契帖
문관,文官
경현당,景賢堂
사연,賜宴
어제,御製
축시,祝詩
만퇴당장,晩退堂藏
전가보장,傳家寶藏
내함,內函
호갑,護匣
외궤,外櫃
봉과,封裹
고종,高宗
친필,親筆
화격,畵格
개국공신,開國功臣
보사공신,保社功臣
회맹제,會盟祭
경신환국,庚申換局
훈호,勳號
갑술환국,甲戌換局
복훈,復勳
적장자손,嫡長子孫
회맹록,會盟錄
복본,複本
반사본,頒賜本
분무공신,奮武功臣
시명지보,施命之寶
녹훈도감,復勳都監
복훈,復勳
이익신,李翊臣
생초,生綃
녹훈도감의궤,錄勳都監儀軌
옥축,玉軸
생초,生綃
다회,多繪
비녀,簪
한후방,韓後邦
응원,應元
인균,印均
법신,法身
비로자나불,毘盧舍那佛
보신,報身
화신,化身
석가불,釋迦佛
사경,寫經
팔도도총섭,八道都摠攝
벽암,碧巖
의창군,義昌君
동양위,東陽尉
대작,大作
약기인,藥器印
백운,白雲
삼사,三師
불사,佛事
바얀테무르,伯顔帖木兒
금타이지,金朶兒只
도르지,都兒赤
향낭,香囊
대비로전,大毗盧殿
지권인,智拳印
수인,手印
편단우견,偏袒右肩
불신,佛身
고승,高僧
조상경,造像經
대비로전,大毗盧殿
수인,手印
심주석,心柱石
사리공,舍利孔
금동사리외호,金銅舍利外壺
좌평,佐平
사택적덕,沙宅積德
초당풍,初唐風
기형,器形
목근,達率目近
녹로,轆轤
유기,鍮器
목정혈,目釘穴
범음,梵音
법구사물,法具四物
불음,佛音
주종기,鑄鍾記
도인,道人
허백,虛白
종익,宗益
한중서,韓冲敍
사장,私匠
관장,官匠
천개,天蓋
당좌,撞座
은사,隱士
김성규,金性圭
이안기,移安記
서루,西樓
죽서루,竹西樓
죽서루단청기,竹西樓丹靑記
죽서루기,竹西樓記
죽서루,竹西樓
죽장사,竹欌寺
숙종,肅宗
정조,正祖
어제시,御製詩
관동별곡,關東別曲
죽서루,竹西樓
관동제일루,關東第一樓
관동명승첩,關東名勝帖
국보,國寶
영남사,嶺南寺
소루,小樓
죽루,竹樓
영남루,嶺南樓
영남사루,嶺南寺樓
소루,召樓
망호당,望湖堂
능파각,凌波閣
침류각,枕流閣
이인재,李寅在
밀주관,密州館
강좌웅부,江左雄府
교남명루,嶠南名樓
국보,國寶
영산회상,靈山會上
후불도,後佛圖
팔상회,八相繪
월인석보,月印釋譜
도솔래의상,兜率來儀相
비람강생상,毘藍降生相
사문유관상,四門遊觀相
유성출가상,踰城出家相
설산수도상,雪山修道相
수하항마상,樹下降魔相
녹원전법상,鹿苑轉法相
쌍림열반상,雙林涅槃相
월인석보,月印釋譜
의겸,義謙
의겸,義謙
여성,汝性
행종,幸宗
민희,敏熙
말인,抹仁
만연,萬演
지원,智元
범안,椘眼
도현,道玄
호선,毫仙
세관,世冠
신각,神覺
밀기,密機
월인,月印
조상경,造像經
풍마동,風磨銅
금정,金頂
풍마동,風磨銅
마곡사,麻谷寺
구산선문,九山禪門
동리산문,桐裏山門
개산,開山
적인선사,寂忍禪師
시호,諡號
적인,寂忍
탑호,塔號
조륜청정,照輪淸淨
당,唐
선법,禪法
선종,禪宗
파,派
문파,門派
당,唐
선법,禪法
동리산문,桐裏山門
팔각원당형,八角圓堂形
양각,陽刻
모각,模刻
문비,門扉
사천왕상,四天王像
탑전,塔殿
장엄신,莊嚴身
화기,畫記
법경,法冏
혜윤,慧允
인학,仁學
희상,熙尙
미륵,彌勒
편년,編年
부조,浮彫
사자상,獅子像
팔부중상,八部衆像
탑신,塔身
옥개석,屋蓋石
문비,門扉
찰주,刹柱
명문,銘文
편년,編年
광군사,光軍司
안상,眼象
십이지신상,十二支神像
팔부중상,八部衆像
탑신,塔身
옥개석,屋蓋石
복발,覆鉢
장엄,莊嚴
도성,都城
옹성,甕城
제야,除夜
명문,銘文
원각경,圓覺經
대원각사지비,大圓覺寺之碑
당,幢
당간,幢竿
석수,石手
찬유,璨幽
원종,元宗
혜진,惠眞
김정언,金廷彦
국공,國工
찬유,璨幽
원종,元宗
혜진,惠眞
김정언,金廷彦
국공,國工
불상,佛像
현오국사,玄悟國師
불일사,佛日寺
부석사,浮石寺
국사,國師
현오,玄悟
진언,眞言
괘,八卦
연뢰,蓮蕾
연뢰,蓮蕾
기단,基檀
탑신,塔身
기단,基檀
탑신,塔身
소탑,小塔
부석사,浮石寺
화사석,火舍石
사천왕상,四天王像
억정사지,億政寺址
비,碑
비,碑
구족달,仇足達
백곡사,白谷寺
안상,眼象
오합사,烏合寺
기단,基壇
탑신,塔身
오합사,烏合寺
기단,基壇
탑신,塔身
비,碑
대좌,臺座
안상,眼象
불법,佛法
법주,法主
구양순법,歐陽詢法
송대,松臺
기단,基壇
탑신,塔身
송대,松臺
기단,基壇
사천왕상,四天王像
탑신,塔身
봉천원,奉天院
기단,基壇
탑신부,塔身部
좌불상,坐佛像
당,幢
당간,幢竿
기단,基壇
탑신,塔身
기단부,基壇部
안상,眼象
당,幢
당간,幢竿
심원사,深源寺
기단,基壇
문,門
사천왕상,四天王像
안상,眼象
비좌,碑座
홍척,洪陟
화사석,火舍石
홍척,洪陟
기단,基壇
탑신,塔身
기단,基壇
문,門
사천왕상,四天王像
응료탑비,凝蓼塔碑
화사석,火舍石
삼도,三道
광배,光背
삼도,三道
광배,光背
대좌,臺座
척,尺
광배,光背
불신,佛身
대좌,臺座
광배,光背
관,冠
대좌,臺座
분묘,墳墓
석인상,石人像
기단,基壇
탑신,塔身
당,幢
기단,基壇
탑신,塔身
제실,帝室
기단,基壇
탑신,塔身
남화사,南華寺
기단,基壇
탑신,塔身
토탑,土塔
안상,眼象
감실,龕室
인왕상,仁王像
영가지,永嘉誌
법림사,法林寺
법흥사탑,法興寺塔
기단,基壇
감실,龕室
인왕상,仁王像
탑신,塔身
대좌,臺座
광배,光背
불국사사적기,佛國寺事蹟記
광학부도,光學浮屠
탑신,塔身
기단,基壇
북,鼓
탑신,塔身
여래상,如來像
보살상,菩薩像
우에노,上野
삼존불상,三尊佛像
법열,法悅
삼존불,三尊佛
불성,佛性
보병,寶甁
보문,普門
기단,基壇
탑신부,塔身部
인왕상,仁王像
애공사,哀公寺
기단,基壇
탑신,塔身
탑신,塔身
정문,旌門
당,幢
대사,大寺
대좌,臺座
광배,光背
기단,基壇
탑신,塔身
기단,基壇
탑신,塔身
마애불,磨崖佛
광배,光背
충원사,忠圓寺
탑신,塔身
지종,智宗
기단,基壇
탑신,塔身
당,幢
당간,幢竿
백호,白毫
보관,寶冠
삼도,三道
당,幢
당간,幢竿
기단부,基壇部
당,幢
당간,幢竿
관,冠
대좌,臺座
범일국사,梵日國師
보개,寶蓋
천상,天上
훈,塤
비파,琵琶
생황,笙簧
문성왕,文聖王
범일국사,梵日國師
당,幢
당간,幢竿
범일국사,梵日國師
범,梵
굴산사,掘山寺
기단,基壇
탑신,塔身
안상,眼象
감실,龕室
광배,光背
대좌,臺座
담무참,曇無嘴
법보,法寶
교장,敎藏
교장,敎藏
교장,敎藏
교장,敎藏
교장,敎藏
기단,基壇
탑신,塔身
안상,眼象
기단,基壇
탑신,塔身
불성,佛性
원립불,圓笠佛
방립불,方笠佛
남상,男像
원신궁주,元信宮主
도승,道僧
장지산,長芝山
한산후,漢山候
탑신,塔身
찰간,擦竿
광배,光背
전,傳
다보여래,多寶如來
석가여래,釋迦如來
팔자형,八字形
당,幢
당간,幢竿
기단,基壇
안상,眼象
폐사지,廢寺地
기단부,基壇部
탑신,塔身
여래좌상,如來坐像
당,幢
당간,幢竿
탑신,塔身
기단부,基壇部
보원사,普願寺
탄문,坦文
왕사,王師
국사,國師
법인,法印
보승,寶乘
안상,眼象
사천왕,四天王
법인국사,法印國師
국사,國師
보광사,普光寺
원명국사,圓明國師
대좌,臺座
성거사,聖居寺
성거산,聖居山
기단,基壇
탑신,塔身
사리공,舍利孔
백주사,栢州寺
기단,基壇
탑신,塔身
화사석,火舍石
중흥사,中興寺
기단,基壇
탑신,塔身
인왕상,仁王像
사천왕상,四天王像
보살상,菩薩像
여래상,如來像
기단,基壇
탑신,塔身
탑신,塔身
탑신,塔身
기단,基壇
안상,眼象
도식적,圖式的
사벌국,沙伐國
기단,基壇
탑신,塔身
탑신,塔身
광배,光背
삼도,三道
광배,光背
사방불,四方佛
삼존불,三尊佛
마애불,磨崖佛
보병,寶甁
당,幢
당간,幢竿
보문,普門
기단부,基壇部
탑신부,塔身部
팔부신중,八部神衆
계화부인,桂花夫人
아미타불상,阿彌陀佛像
홍양호,洪良浩
김정희,金正喜
비좌,碑座
십이지신상,十二支神像
기단,基壇
탑신,塔身
안상,眼象
당,幢
당간,幢竿
비,碑
승통,僧統
기단,基壇
탑신,塔身
광배,光背
대좌,臺座
기단,基壇
탑신,塔身
기단,基壇
탑신,塔身
안상,眼象
지신상,十二支神像
부신중,八部神衆
천왕상,四天王像
탑신,塔身
기단부,基壇部
천왕,四天王
광배,光背
구산선문,九山禪門
희양산문,曦陽山門
도헌국사,道憲國師
지증대사,智證大師
도신,道信
법랑,法朗
신행,愼行
준범,遵範
혜은,慧隱
도헌,道憲
법계,法系
선종사,禪宗史
최치원,崔致遠
대숭복사비,大崇福寺碑
각자,刻字
혜강,慧江
신이,神異
왕토사상,王土思想
기진,寄進
사직,寺職
소도,蘇塗
고비,古碑
동관왕묘,東關王廟
인,人
인,人
당,幢
당간,幢竿
안상,眼象
기단,基壇
탑신,塔身
비,碑
안상,眼象
비,碑
비좌,碑座
탑신,塔身
기단,基壇
부신중상,八部神衆像
탑신,塔身
기단,基壇
선,禪
탑신,塔身
기단,基壇
사천왕상,四天王像
선,禪
인,人
인,人
인,人
팔,八
기단,基壇
탑신,塔身
기단,基壇
탑신,塔身
기단부,基壇部
탑신부,塔身部
철감선사,澈鑒禪師
탑비,塔碑
쌍봉산고철감선사비명,雙峯山故澈鑒禪師碑銘
전액,篆額
한주,漢州
당,唐
범일국사,梵日國師
철감,澈鑒
시호,諡號
징소,澄昭
화염보주,火焰寶珠
탑신,塔身
기단,基壇
선문,禪門
탑신,塔身
기단,基壇
대좌,臺座
광배,光背
액,額
정,貞
주,周
진,晉
하,何
함호,函號
요령,搖鈴
사,社
직,稷
인,人
팔,八
대웅전약사전개와중수기,大雄殿藥師殿改瓦重修記
팔,八
정,井
팔,八
인,人
형조좌랑,刑曹佐郞
영남산,映南山
팔,八
팔,八
해운정,海雲亭
기단,基壇
탑신,塔身
기단,基壇
탑신,塔身
사리구,舍利具
석축,石築
기단,基壇
탑신,塔身
대좌,臺座
원형,圓形
대현,大賢
기단,基壇
탑신,塔身
비천상,飛天像
천왕상,四天王像
천부상,天部像
면에보살상,菩薩像
전탑,塼塔
기단,基壇
탑신,塔身
지종,智宗
탑신,塔身
기단,基壇
구족달,仇足達
화사석,火舍石
석련지,石蓮池
삼존불,三尊佛
광배,光背
광배,光背
대좌,臺座
삼존불,三尊佛
배,舟
대좌,臺座
보고,寶庫
칠불암,七佛庵
삼면보관,三面寶冠
천의,天衣
대좌,臺座
광배,光背
비천상,飛天像
대좌,臺座
광배,光背
기단,基壇
불각,佛閣
광배,光背
대좌,臺座
불신,佛身
삼도,三道
사효,思孝
간경도감,刊經都監
교장,敎藏
경,經
론,論
삼장,三藏
론,論
안혜,安慧
현범,玄範
교장,敎藏
교장,敎藏
교장,敎藏
혜정,慧淨
공철,公哲
개현초,開玄褻
교장,敎藏
교장,敎藏
교장,敎藏
감로준,甘露樽
뉴,鈕
동춘당,同春堂
별당,別堂
팔,八
팔,八
인,人
팔,八
정,井
존무사,存撫使
인,人
대좌,臺座
보개,寶蓋
관,冠
천의,天衣
삼도,三道
대좌,臺座
대좌,臺座
마애삼존불,磨崖三尊佛
대좌,臺座
보관,寶冠
보병,寶甁
가야산,伽倻山
기단,基壇
탑신,塔身
안상,眼象
기단,基壇
탑신,塔身
기단,基壇
탑신,塔身
전탑,塼塔
기단,基壇
탑신,塔身
숭정기원지재병오중추일립,崇情紀元之再丙午仲秋日立
기단,基壇
탑신,塔身
화사석,火舍石
비천상,飛天像
화사석,火舍石
화사석,火舍石
화사석,火舍石
사천왕상,四天王像
파랑,罷郞
기단부,基壇部
천녀,天女
천순원년,天順元年
인,人
광배,光背
배,舟
대좌,臺座
배,舟
대좌,臺座
광배,光背
갈항사,葛項寺
대좌,臺座
광배,光背
광배,光背
배,舟
기단,基壇
탑신,塔身
기단,基壇
탑신,塔身
기단,基壇
탑신,塔身
기단,基壇
탑신,塔身
안상,眼象
국사,國師
왕,王
청량사,淸凉寺
화사석,火舍石
화사석,火舍石
사천왕상,四天王像
당,幢
당간,幢竿
당,幢
당간,幢竿
당,幢
당간,幢竿
갑사,甲寺
기단,基壇
기단,基壇
탑신,塔身
주악천인상,奏樂天人像
기단,基壇
탑신,塔身
탑신,塔身
사천왕상,四天王像
보살상,菩薩像
비천상,飛天像
가릉빈가,迦陵頻伽
청자유개호,靑磁有蓋壺
청자유개호,靑磁有蓋壺
청자유개호,靑磁有蓋壺
중허,仲虛
충재,沖齋
충정,忠定
한원일기,翰苑日記
당후일기,堂后日記
승선시일기,承宣時日記
신창령추단일기,新昌令推斷日記
문한서,文翰署
한림원,翰林院
주서,承政院注書
당후,堂后
신창령,新昌令
충재집,沖齋集
미암일기,眉巖日記
석담일기,石潭日記
근사록,近思錄
고려본,高麗本
인,人
승방,僧房
광배,光背
대좌,臺座
대좌,臺座
광배,光背
배,舟
비천,飛天
팔부신상,八部神像
매화산,梅花山
최치원,崔致遠
기단,基壇
탑신,塔身
화사석,火舍石
안상,眼象
화사석,火舍石
변상도,變相圖
보상화문,寶相華紋
화문,花紋
화경,花莖
권수,卷首
역자,譯者
사경체,寫經體
조맹부체,趙孟頫體
묵서,墨書
주서,朱書
광덕사,廣德寺
보상화문,寶相華紋
화문,花紋
화경,花莖
권수,卷首
역자,譯者
사경체,寫經體
조맹부체,趙孟頫體
묵서,墨書
주서,朱書
광덕사,廣德寺
인,人
정,井
조사,祖師
법신,法身
윤다,允多
기단부,基壇部
탑신,塔身
사천왕상,四天王像
윤다,允多
가야갑사,迦耶岬寺
계,戒
완주,完州
기단,基壇
탑신,塔身
변상도,變相圖
광대원,廣大院
두건,頭巾
삼도,三道
원각사탑,圓覺寺塔
두건,頭巾
광통루,廣通樓
광한루,廣寒樓
팔,八
화사석,火舍石
안상,眼象
금보,琴譜
대좌,臺座
보관,寶冠
삼도,三道
대좌,臺座
완형,盌形
은입사,銀入絲
범자,梵字
범자,梵字
팔,八
시가,詩歌
인,人
정,井
혜구두타,惠丘頭陀
팔,八
정,井
묘련왕사,妙蓮王師
원감국사,圓鑑國師
화죽,花竹
계호대선사,戒浩大禪師
하엽주두,荷葉柱枓
통식,通式
번용,飜龍
기단,基壇
탑신,塔身
비천,飛天
사천왕상,四天王像
광배,光背
불심,佛心
대좌,臺座
반구형,半球形
관,冠
보주,寶珠
광배,光背
대좌,臺座
기단,基壇
탑신,塔身
기단,基壇
탑신,塔身
선종대본산,禪宗大本山
팔,八
정,井
도선,道詵
공양대,拱養臺
기단,基壇
탑신,塔身
신장상,神將像
기단,基壇
탑신,塔身
팔,八
팔,八
벌교,筏橋
홍예,虹霓
팔,八
양진당,養眞堂
대좌,臺座
팔,八
문루,門樓
세장,細長
방주,方柱
고준,高峻
이형석탑,異形石塔
신서,申曙
천주사,天柱寺
죽암사,竹巖寺
기단,基亶
탑신,塔身
안상,眼象
혜심,慧諶
대선사,大禪師
변상도,變相圖
묘우,妙愚
천태교관,天台敎觀
선사,禪師
광배,光背
대좌,臺座
작압전,鵲鴨殿
방위신,方位神
지국천왕,持國天王
광목천왕,廣目天王
증장천왕,增長天王
다문천왕,多聞天王
보조선사탑,普照禪師塔
철감선사탑,澈鑑禪師塔
광배,光背
자장,慈藏
기단,基壇
탑신,塔身
완형,盌形
관덕,觀德
사자소이관성덕야,射者所以觀盛德也
팔,八
안평대군,安平大君
아계,鵝溪
청음,淸陰
김상헌,金尙憲
홍예,虹霓
석비,石碑
계사,癸巳
명관,明觀
탑신,塔身
구형,龜形
석함,石函
기단,基壇
탑신,塔身
대좌,臺座
관,冠
대좌,臺座
삼도,三道
관,冠
대좌,臺座
법승,法勝
법연,法緣
두온애랑,豆溫哀郞
지권인,智拳印
여래형,如來形
무구정광대다라니경,無垢淨光大陀羅尼經
삼,蔘
모합,母盒
자합,子盒
모자합,母子盒
인,人
기단부,基壇部
사천왕상,四天王像
죽산군부인,竹山郡夫人
각보,覺普
화사석,火舍石
사천왕상,四天王像
기단,基壇
안상,眼象
동종,銅鍾
광배,光背
기단,基壇
안상,眼象
탑신,塔身
기단,基壇
탑신,塔身
지석,誌石
현휘,玄暉
선,禪
자등,慈燈
대보광선,大寶光禪
선,禪
기단,基壇
안상,眼象
탑신,塔身
심희,審希
행기,幸期
성휴,性休
화사석,火舍石
기단,基壇
보개,寶蓋
기축명아미타불비상,己丑銘阿彌陀佛碑像
비상,碑像
배,舟
명문,銘文
대석,臺石
나한,羅漢
야차상,夜叉像
천궁,天宮
인왕상,仁王像
미륵보살반가사유비상,彌勒菩薩半跏思惟碑像
탑비,塔碑
비상,碑像
관,冠
보탑,寶塔
기단부,基壇部
탑신,塔身
안상,眼象
대좌,臺座
광배,光背
기단,基壇
탑신,塔身
천부상,天部像
기단,基壇
탑신,塔身
수연,水煙
감악조사,感岳祖師
강희십팔년기미월일상량기,康熙十八年己未月日上樑記
중수,重修
팔,八
정,井
대좌,臺座
광배,光背
삼도,三道
광배,光背
대좌,臺座
안상,眼象
대좌,臺座
천개,天蓋
촉,觸
보계,寶髻
보관,寶冠
천의,天衣
기단,基壇
기단,基壇
탑신,塔身
삼법,三法
정상,頂相
삼신산,三神山
벽암,碧巖
진감선사,眞鑑禪師
탑신,塔身
기단,基壇
화사석,火舍石
기단,基壇
탑신,塔身
돈화,敦化
중수,重修
정오,正午
인정,人定
파루,罷漏
오고,午鼓
팔,八
홍예,紅霓
지공,指空
지공,指空
무학대사,無學大師
기단,基壇
탑신,塔身
지공,指空
화사석,火舍石
사경,寫經
부산진순절도,釜山鎭殉節圖
변박,卞璞
동래부순절도,東萊府殉節圖
변박,卞璞
천판,天板
팔,八
도선,道詵
장,丈
선암,仙岩
기단,基壇
탑신,塔身
팔,八
정,井
대광보전,大光寶殿
팔,八
정,井
부도,浮屠
기단부,基壇部
홍예,虹霓
대좌,臺座
광배,光背
팔,八
말,馬
기단,基壇
탑신,塔身
삼도,三道
대좌,臺座
삼도,三道
팔,八
정,井
삼존불,三尊佛
보관,寶冠
천의,天衣
대좌,臺座
팔,八
충효당,忠孝堂
보관,寶冠
천의,天衣
대좌,臺座
반가좌,半跏坐
홍치,弘治
제왕운기,帝王韻紀
삼국유사,三國遺事
을해,乙亥
석주,昔珠
보사,補寫
풍,豊
완형,盌形
청동은입사향로,百丈庵靑銅銀入絲香爐
광배,光背
대좌,臺座
광배,光背
대좌,臺座
대좌,臺座
안상,眼象
기단부,基壇部
사천왕상,四天王像
탑신,塔身
보살상,菩薩像
집자,集字
기단,基壇
탑신,塔身
신승형,申承逈
기단부,基壇部
탑신,塔身
관봉,冠峰
삼도,三道
대좌,臺座
대좌,臺座
광배,光背
인,人
봉업사,奉業寺
기단,基壇
탑신,塔身
삼도,三道
대좌,臺座
고신왕지,金懷鍊告身王旨
사령서,辭令書
조선지보,朝鮮之寶
연시각,延諡閣
탑신,塔身
기단,基壇
안상,眼象
관가정,觀稼亭
기단,基壇
탑신,塔身
명문,銘文
기단,基壇
탑신,塔身
소탑,小塔
동탁,銅鐸
안상,眼象
배례석,拜禮石
순응법사,順應法師
화사석,火舍石
기단부,基壇部
봉정사,鳳停寺
능인대사,能仁大師
인,人
동향,東向
인,人
수구,水口
왕,王
구형,球形
심엽형,心葉形
곡옥,曲玉
구형,球形
곡옥,曲玉
청옥,靑玉
곡옥,曲玉
청옥,靑玉
곡옥,曲玉
고분,古墳
고분,古墳
팔,八
대동운부군옥,大東韻部群玉
자치통감강목,資治通鑑綱目
모전탑,模塼塔
기단,基壇
탑신,塔身
동자상,童子像
대좌,臺座
사방불적,四方佛的
광배,光背
삼도,三道
배,舟
장순선사,長純禪師
만,卍
기단,基壇
탑신,塔身
안상,眼象
신흥사,新興寺
기단,基壇
탑신,塔身
부중상,八部衆像
기단,基壇
탑신,塔身
대홍원전,大弘願殿
죽림사,竹林寺
표충사,表忠祠
표충사,表忠寺
기단,基壇
탑신부,塔身部
가리사,加利寺
기단,基壇
탑신부,塔身部
기단,基壇
탑신,塔身
불보사찰,佛寶寺刹
가사,袈裟
수암사,水巖寺
탑신,塔身
기단,基壇
벽송,碧松
기단,基壇
탑신,塔身
서해,徐嶰
팔,八
인,人
갑사동종,甲寺銅鐘
연뢰,蓮蕾
황매산,黃梅山
적연선사,寂然禪師
기단,基壇
탑신부,塔身部
대성지성문선왕전좌도,大成至聖文宣王殿坐圖
홀,笏
정탁초상,鄭琢肖像
융천사,融天寺
기단,基壇
비좌,碑座
안상,眼象
대좌,臺座
광배,光背
대좌,臺座
광배,光背
비천상,飛天像
광배,光背
대좌,臺座
광배,光背
대좌,臺座
광배,光背
대좌,臺座
반자,飯子
한중서,韓仲敍
고면,鼓面
계성사,啓星寺
화사석,火舍石
성국사,城國寺
기단,基壇
탑신,塔身
기단,基壇
탑신,塔身
기단부,基壇部
탑신부,塔身部
라마탑,喇嘛塔
팔,八
정,井
장계,張桂
장말손,張末孫
장말손초상,張末孫肖像
기단,基壇
탑신,塔身
당,幢
당간,幢竿
대,臺
석비,石碑
기단,基壇
탑신,塔身
원효,元曉
태감,太甘
형미,逈微
비좌,碑座
관,冠
기단,基壇
탑신,塔身
법성사,法聖寺
기단,基壇
탑신,塔身
안상,眼象
기단,基壇
탑신,塔身
관,冠
삼도,三道
분재기,分財記
비,碑
다층,多層
탑신,塔身
청석탑,靑石塔
기단,基壇
화사석,火舍石
상,上
하,下
대좌,臺座
기단,基壇
탑신,塔身
안상,眼象
인,人
팔,八
강세황필,姜世晃筆
도산서원도,陶山書院圖
교정,校正
정오,正誤
원조오잠,元朝五箴
회재,晦齋
외천잠,畏天箴
양심잠,養心箴
경신잠,敬身箴
개과잠,改過箴
독지잠,篤志箴
퇴계,退溪
호,號
잠계,潛溪
행,行
자,字
자경,字徑
해서,楷書
행,行
단중전아,端重典雅
유묵,遺墨
퇴필,退筆
송설체,松雪體
퇴묵,退墨
자옥산,紫玉山
귀영대,歸詠臺
징심대,澄心臺
세심대,洗心臺
탁영대,濯纓臺
관어대,觀魚臺
대자,大字
축장,軸粧
대자서,大字書
편액,扁額
안동,安東
후조당,後彫堂
읍청정,挹淸亭
월천서당,月川書堂
선몽대,仙夢臺
서각,書刻
김홍도필,金弘道筆
왕사,王師
군,郡
해월사,海月寺
기단,基壇
배,舟
광배,光背
삼존불,三尊佛
대좌,臺座
조안,祖眼
권근,權近
국청사,國淸寺
복발,覆鉢
보주,寶珠
국청사,國淸寺
기단,基壇
탑신,塔身
원각국사비명,圓覺國師碑銘
국청사,國淸寺
망탑봉,望塔峰
기단,基壇
탑신,塔身
안상,眼象
당,幢
당간,幢竿
기단,基壇
당,幢
당간,幢竿
광경사,廣慶寺
대,臺
계단,戒壇
기단,基壇
탑신,塔身
천왕상,四天王像
부신상,八部神像
기단,基壇
탑신,塔身
사자탑,四獅子塔
안상,眼象
대좌,臺座
대좌,臺座
불대좌,佛臺座
광배,光背
대좌,臺座
배,舟
대좌,臺座
기단,基壇
탑신,塔身
음자십시,吟自十詩
천하일등인충효,天下一等人忠孝
한대,漢代
을묘칠정,乙卯七正
해서,楷書
충술근수교,忠述謹受敎
훈묵헌진장,訓墨軒珍藏
주학년,朱鶴年
원옹경본,院翁硬本
이당,怡堂
제첨,題籤
신해경등루장,辛亥竟登樓藏
자필,自筆
제서,題書
영조,英祖
유명조선,有明朝鮮
서자,書者
일행,一行
이행,二行
삼행,三行
부본,副本
서자,書者
숙빈최씨시책문,淑嬪崔氏諡冊文
휘덕,徽德
가상,加上
책문,冊文
절첩장,折帖粧
신해년책력,辛亥年冊曆
신해칠정,辛亥桼正
길상여의관,吉羊如意館
신해칠정,辛亥桼正
신해칠정,辛亥七政
시고,詩稿
서간,書簡
제서,題書
당시,唐詩
퇴계,退溪
선조유묵,先祖遺墨
장수,張數
안도,安道
잠명,箴銘
인영,印影
선조유묵,先祖遺墨
사문수간,師門手簡
선생수적,先生手蹟
퇴도선생유묵,退陶先生遺墨
가서,家書
잠명,箴銘
주희,朱熹
감흥시,感興詩
대보잠,大寶箴
종요,鍾繇
왕희지,王羲之
활인심방,活人心方
자필,自筆
자화,自畵
진성후인,眞城後人
온계,溫溪
진성후인,眞城後人
경호,景浩
인영,印影
주역천견록,周易淺見錄
시용향악보,時用鄕樂譜
향악,鄕樂
당악,唐樂
가사,歌詞
여음,餘音
춘추,春秋
사실,史實
강,綱
목,目
훈의,訓義
강,綱
하,下
팔,八
부부총,夫婦塚
서역,西域
칠우,漆盂
채화칠기,彩畵漆器
동,銅
한대,漢代
진,晋
팔,八
홍예,虹霓
남천교,南川橋
홍예,虹霓
삼도,三道
대좌,臺座
대좌,臺座
상해,上海
홍구공원,虹口公園
김구,金九
유품,遺品
스위스제,製
히로부미,伊藤博文
장인,掌印
사기,史記
당호,堂號
오리타타다스,折田督
오리타간지,折田幹二
야기마사즈미,八木正澄
증여한다,贈安岡檢察官
백인당중유태화,百忍堂中有泰和
히로부미,伊藤博文
장인,掌印
사기,史記
당호,堂號
오리타타다스,折田督
오리타간지,折田幹二
야기마사즈미,八木正澄
증여한다,贈安岡檢察官
일일부독서구중생형극,一日不讀書口中生荊棘
히로부미,伊藤博文
장인,掌印
사기,史記
당호,堂號
오리타타다스,折田督
오리타간지,折田幹二
야기마사즈미,八木正澄
증여한다,贈安岡檢察官
히로부미,伊藤博文
장인,掌印
사기,史記
당호,堂號
오리타타다스,折田督
오리타간지,折田幹二
야기마사즈미,八木正澄
증여한다,贈安岡檢察官
치악의악식자부족여의,恥惡衣惡食者不足與議
히로부미,伊藤博文
장인,掌印
사기,史記
당호,堂號
오리타타다스,折田督
오리타간지,折田幹二
야기마사즈미,八木正澄
증여한다,贈安岡檢察官
히로부미,伊藤博文
장인,掌印
사기,史記
당호,堂號
오리타타다스,折田督
오리타간지,折田幹二
야기마사즈미,八木正澄
증여한다,贈安岡檢察官
히로부미,伊藤博文
장인,掌印
사기,史記
당호,堂號
오리타타다스,折田督
오리타간지,折田幹二
야기마사즈미,八木正澄
증여한다,贈安岡檢察官
히로부미,伊藤博文
장인,掌印
사기,史記
당호,堂號
오리타타다스,折田督
오리타간지,折田幹二
야기마사즈미,八木正澄
증여한다,贈安岡檢察官
히로부미,伊藤博文
장인,掌印
사기,史記
당호,堂號
오리타타다스,折田督
오리타간지,折田幹二
야기마사즈미,八木正澄
증여한다,贈安岡檢察官
히로부미,伊藤博文
장인,掌印
사기,史記
당호,堂號
오리타타다스,折田督
오리타간지,折田幹二
야기마사즈미,八木正澄
증여한다,贈安岡檢察官
세한연후지송백지부조,歲寒然後知松柏之不彫
히로부미,伊藤博文
장인,掌印
사기,史記
당호,堂號
오리타타다스,折田督
오리타간지,折田幹二
야기마사즈미,八木正澄
증여한다,贈安岡檢察官
히로부미,伊藤博文
장인,掌印
사기,史記
당호,堂號
오리타타다스,折田督
오리타간지,折田幹二
야기마사즈미,八木正澄
증여한다,贈安岡檢察官
의사,義士
히로부미,伊藤博文
장인,掌印
사기,史記
당호,堂號
오리타타다스,折田督
오리타간지,折田幹二
야기마사즈미,八木正澄
증여한다,贈安岡檢察官
히로부미,伊藤博文
장인,掌印
사기,史記
당호,堂號
오리타타다스,折田督
오리타간지,折田幹二
야기마사즈미,八木正澄
증여한다,贈安岡檢察官
히로부미,伊藤博文
장인,掌印
사기,史記
당호,堂號
오리타타다스,折田督
오리타간지,折田幹二
야기마사즈미,八木正澄
증여한다,贈安岡檢察官
고막고어자시,孤莫孤於自恃
히로부미,伊藤博文
장인,掌印
사기,史記
당호,堂號
오리타타다스,折田督
오리타간지,折田幹二
야기마사즈미,八木正澄
증여한다,贈安岡檢察官
히로부미,伊藤博文
장인,掌印
사기,史記
당호,堂號
오리타타다스,折田督
오리타간지,折田幹二
야기마사즈미,八木正澄
증여한다,贈安岡檢察官
히로부미,伊藤博文
장인,掌印
사기,史記
당호,堂號
오리타타다스,折田督
오리타간지,折田幹二
야기마사즈미,八木正澄
증여한다,贈安岡檢察官
히로부미,伊藤博文
장인,掌印
사기,史記
당호,堂號
오리타타다스,折田督
오리타간지,折田幹二
야기마사즈미,八木正澄
증여한다,贈安岡檢察官
오리타타다스,折田督
오리타간지,折田幹二
선지,宣紙
경술삼월,庚戌三月
대한국인,大韓國人
안중근쓰다,安重根書
유묵,遺墨
국가안위노심초사,國家安危勞心焦思
증안강검찰관,贈安岡檢察官
경술삼월,庚戌三月
대한국인,大韓國人
표하다,安重根謹拜
안강정사랑,安岡靜四郞
유묵,遺墨
경술삼월,庚戌三月
대한국인,大韓國人
표하다,安重根謹拜
천엽십칠,千葉十七
휘호,揮毫
행서체,行書體
종서,縱書
수장인,手掌印
년,庚戌
언충신행독경만방가행,言忠信行篤敬蠻邦可行
경술삼월,庚戌三月
대한국인,大韓國人
쓰다,安重根書
히로부미,伊藤博文
장인,掌印
여순감옥,旅順監獄
대련세관,大連稅關
축장,軸裝
인무원려필유근우,人無遠慮必有近憂
방서,傍書
장인,掌印
단지회,斷指會
방서,傍書
위령공,衛靈公
여순감옥,旅順監獄
상관,上款
하관,下款
상관,上款
증청전선생,贈淸田先生
간수과장,看守課長
일통청화공,日通淸話公
하관,下款
방서,傍書
장인,掌印
상관,上款
하관,下款
인애,仁愛
일통청화공,日通淸話公
인의,仁義
여순감옥,旅順監獄
방서,傍書
장인,掌印
경수계장,驚守係長
방서,傍書
명심보감,明心寶鑑
삼흥학교,三興學校
돈의학교,敦義學校
여순감옥,旅順監獄
지사인인살신성인,志士仁人殺身成仁
방서,傍書
장인,掌印
방서,傍書
중봉세,中鋒勢
여순감옥,旅順監獄
세심대,洗心臺
우종서,右縱書
방서,傍書
장인,掌印
농묵,濃墨
자형,字形
구슬,珠玉
발걸이,鐙子
드리개,腰佩
지석형,砥石形
큰칼,鬼面大刀
큰칼,三累大刀
큰칼,三葉大刀
자도,子刀
큰칼,大刀
손칼,銀裝小刀
철검,鐵劍
말띠드리개,杏葉
심엽형,心葉形
말종방울,馬鐸
말띠드리개,杏葉
어미형,魚尾形
심엽형,心葉形
말안장부속구,鞍輪片
말띠꾸미개,雲珠
연화문,蓮花文
보요,步搖
비,碑
오경천견록,五經淺見錄
시경,詩經
서경,書經
시설,詩說
고면,鼓面
묘지,墓誌
흥국사대웅전후불탱,興國寺大雄殿後佛幀
천신,天信
의천,義天
기단,基壇
탑신,塔身
안상,眼象
고,故
전형필,全鎣弼
기단,基壇
탑신,塔身
복발,覆鉢
배례석,拜禮石
겸재,謙齋
광배,光背
월인석보목판,月印釋譜木板
백개만,白介萬
궐,闕
풍패지관,豊沛之館
문효,文孝
계상정거도,溪上靜居圖
회암서절요서,晦菴書節要序
무봉산중,舞鳳山中
인곡정사,仁谷精舍
강민첨초상,姜民瞻肖像
홀,笏
강현초상,姜鋧肖像
강세황초상,姜世晃肖像
석씨원류응화사적목판,釋氏源流應化事蹟木板
지십,智什
석가여래성도기,釋迦如來成道記
허목수고본,許穆手稿本
대자,大字
축,軸
장지,壯紙
취,翠
대자,大字
경건,勁健
후주,後周
고문연구가,古文硏究家
쌍자총통,雙字銃筒
소용화기,小用火器
대좌,臺座
기단,基壇
탑신,塔身
문무잡과방목,文武雜科榜目
시명지보,施命之寶
전,田
기단,基壇
탑신,塔身
기단,基壇
탑신,塔身
위봉사,圍鳳寺
보광명전,普光明殿
팔,八
정,井
운룡,雲龍
기단,基壇
탑신,塔身
십이지신상,十二支神像
팔부중상,八部衆像
사천왕상,四天王像
기단,基壇
탑신,塔身
지신상,十二支神像
부중상,八部衆像
사천왕상,四天王像
순제,順帝
반구형,半球形
신숙주초상,申叔舟肖像
매향,埋香
계,契
삼도,三道
관,棺
관,棺
관,棺
은화,銀化
조익형관식,鳥翼形冠飾
관식,冠飾
관모,冠帽
타출점렬문,打出點列文
부,夫
백,百
각자,刻字
접형관식,蝶形冠飾
은판,銀板
곡옥,曲玉
새김으로,打出
관,冠
관모,冠帽
주구,注口
기로소,耆老所
계,契
계첩,契帖
문관,文官
경현당,景賢堂
사연,賜宴
어제,御製
축시,祝詩
흥정당,興政堂
어첩봉안도,御帖奉安圖
숭정전진하전도,崇政殿進賀箋圖
경현당석연도,景賢堂錫宴圖
은배,銀盃
봉배귀사도,奉盃歸社圖
기사사연도,耆社私宴圖
김진여,金振汝
장태흥,張泰興
인천안목,人天眼目
지소,智昭
선가,禪家
선종영가집,禪宗永嘉集
현각,玄覺
선종,禪宗
언해본,諺解本
담여,淡如
각눌,覺訥
외성,外城
중성,中城
내성,內城
북성,北城
성석,城石
삼산관,三山冠
대좌,臺座
반가상,半跏像
고식,古式
상약국,尙藥局
화포,火砲
천,天
승자총통,勝字銃筒
장인,匠人
생천사지,生千寺址
대좌,臺座
존불,五尊佛
삼존불,三尊佛
무인,戊寅
존불,七尊佛
배,舟
중옥,仲玉
순옹,順翁
전주,全州
호연정,浩然亭
동이산략,東耳刪略
둔서록,遯筮錄
정안여분,靜安餘噴
분,盆
분재,盆栽
자수가사,刺繡袈裟
조,條
삼존불,三尊佛
광배,光背
반가,半跏
화사석,火舍石
광배,光背
희달,希達
죽통,竹筒
석탑재,石塔材
주악상,奏樂像
공양상,供養像
비파,琵琶
복식,服飾
인,人
삼존불,三尊佛
대좌,臺座
안상,眼象
광배,光背
대좌,臺座
권응수장군유물,權應銖將軍遺物
상복,商服
칠보,七寶
아,亞
홍예,虹霓
건성비,建城碑
기단,基壇
탑신,塔身
기단,基壇
탑신,塔身
한광사,閑光寺
대좌,臺座
대좌,臺座
탑신,塔身
복발,覆鉢
기단,基壇
탑신,塔身
부중상,八部衆像
관,冠
삼존불,三尊拂
대좌,臺座
광배,光背
기단,基壇
탑신,塔身
팔부중상,八部衆像
복발,覆鉢
기단,基壇
탑신,塔身
불타발타라,佛馱跋陀羅
권,卷
장,張
실차난타,實叉難陀
권,卷
장,張
전순미,田洵美
불정심관세음보살대다라니경,佛頂心觀世音菩薩大陀羅尼經
호신용,護身用
법화경,法華經
화엄종,華嚴宗
천태종,天台宗
소부,小部
증보,增補
구마라집,鳩摩羅什
관세음보살보문품,觀世音菩薩普門品
관음신앙,觀音信仰
회삼귀일사상,會三歸一思想
삼승,三乘
일승,一乘
귀일,歸一
법,法
시방불토,十方佛土
일불승,一佛乘
삼국유사,三國遺事
의천,義天
신편제종교장총록,新編諸宗敎藏總錄
송,宋
계환,戒環
법화경,法華經
주해본,註解本
회삼귀일사상,會三歸一思想
삼승,三乘
일승,一乘
귀일,歸一
법,法
시방불토,十方佛土
일불승,一佛乘
삼국유사,三國遺事
의천,義天
신편제종교장총록,新編諸宗敎藏總錄
송,宋
계환,戒環
법화경,法華經
주해본,註解本
판,板
장,張
성민,成敏
불조삼경,佛祖三經
축법란,竺法蘭
구마라습,鳩摩羅什
불조삼경,佛祖三經
불조삼경,佛祖三經
몽산,蒙山
덕이,德異
불설사십이장경,佛說四十二章經
불유교경,佛遺敎經
위앙종,僞仰宗
불조삼경,佛祖三經
전주,全州
가섭마등,迦葉摩騰
수수,守遂
진종,眞宗
불유교경,佛遺敎經
장수,張銖
행심,行心
지문,誌文
법공,法空
윤선,尹善
몽산,蒙山
석가,釋迦
조사,祖師
설법,說法
불서,佛書
성도,成道
불설사십이장경,佛說四十二章經
불유교경,佛遺敎經
위산,潙山
위산경책,潙山警策
후한,後漢
가섭마등,迦葉摩騰
축법란,竺法蘭
한역,漢譯
구마라집,鳩摩羅什
수수,守遂
주석,註釋
서,叙
진종,眞宗
대송진종황제주유교경서,大宋眞宗皇帝注遺敎經序
장수,張銖
주위산경책서,注潙山警策序
간행질,刊行秩
원암사,圓嵓寺
간기,刊記
유판처,留板處
행심,行心
법공,法空
윤선,尹善
불조삼경,佛祖三經
축법란,竺法蘭
구마라습,鳩摩羅什
경,佛祖三經
지봉,志峯
지도,志道
변상도,變相圖
신,神
혜근,惠勤
지공,指空
반자밀제,般刺密帝
계환,戒環
반자밀제,般刺密帝
계환,戒環
선림보훈,禪林寶訓
종고,宗果
사규,士珪
남송,南宋
선,禪
환암,幻菴
상위,尙偉
고식기,高息機
시주,施主
청룡선사,靑龍禪寺
선서,禪書
불설장수멸죄호제동자경,佛說長壽滅罪護諸童子經
변상도,變相圖
무오,戊午
호법론,護法論
환암,幻庵
승준,僧俊
만회,萬恢
인출,印出
장승법수,藏乘法數
명수,名數
가수,可遂
무학대사,無學大師
대장경,大藏經
명수,名數
불교학사전,佛敎學事典
원조,元朝
가수,西菴可遂
무학대사,無學大師
중간본,重刊本
공필구여발,無學大師重刊功畢求余跋
현수법수,賢首法數
법수,法數
송파,松坡
간지,間紙
장승법수,藏乘法數
명수,名數
불설대보부모은중경,佛說大報父母恩重經
한천,韓蕆
중용주자혹문,中庸朱子或問
사서,四書
원본,元本
홍호,洪虎
개판,開板
홍호,洪虎
홍무,洪武
혜종,惠宗
무,武
피휘,避諱
고려간본,高麗刊本
중용주자혹문,中庸朱子或問
사서,四書
원본,元本
홍호,洪虎
개판,開板
홍호,洪虎
홍무,洪武
혜종,惠宗
무,武
피휘,避諱
고려간본,高麗刊本
급암선생시집,及菴先生詩集
설곡시고,雪谷詩藁
서,序
서,序
목은문고,牧隱文稿
발,跋
포,誧
공권,公權
굉찬사,宏贊師
우왕,禑王
후쇄본,後刷本
홍무,洪武
무,武
졸고천백,拙藁千百
동인문서,序
동인사륙서,序
체례,體例
동국지감,東國之監
건,健
무,武
운,運
요,堯
치,治
졸고천백,拙藁千百
동인문서,序
동인사륙서,序
체례,體例
동국지감,東國之監
건,健
무,武
운,運
요,堯
치,治
졸고천백,拙藁千百
동인문서,序
동인사륙서,序
체례,體例
동국지감,東國之監
졸고천백,拙藁千百
동인문서,序
동인사륙서,序
체례,體例
동국지감,東國之監
졸고천백,拙藁千百
동인문서,序
동인사륙서,序
체례,體例
간기,刊記
간행지,刊行地
판식,板式
정,正
고,高
어미,魚尾
시,詩
문,文
선손,璿孫
원각류해,圓覺類解
행정,行霆
종밀,宗密
혜정,慧定
환암,幻菴
혜정,慧定
청룡사,靑龍寺
선광,宣光
환암비구,幻庵比丘
무작,無作
안거,安居
환암,幻庵
신사,信士
고식기,高息機
간비,刊費
만회,万恢
장판,藏版
변상도,變相圖
신,神
삼국사기,三國史記
옥산서원본,玉山書院本
질,帙
간본,刊本
도응,都膺
장관,張寬
관제,官制
선,善
권선문,勸善文
인,人
정,井
대좌,臺座
대장도감,大藏都監
사간판전,寺刊板殿
정원본,貞元本
진본,晋本
주본,周本
승조,僧肇
도액,道液
교장,敎藏
교장,敎藏
전기,傳記
묵담,默潭
주지,住持
문수사리보살최상승무생계경,文殊師利菩薩最上乘無生戒經
지공,指空
우공,禹公
성암사,聖庵寺
구나발마,求那跋摩
대장도감,大藏都監
삼존불비상,三尊佛碑像
삼존불,三尊佛
대좌,臺座
관,冠
배,舟
정조필,正祖筆
파초도,芭蕉圖
정조필,正祖筆
국화도,菊花圖
희방사,喜方寺
기,其
기,其
석보상절서,序
월인석보서,序
기,其
순창,淳昌
구암사,龜巖寺
전존,傳存
초간본,初刊本
성암본,誠庵本
구암사본,龜巖寺本
표지,表紙
낙장,落張
찬불가,讚佛歌
국역대장경,國譯大藏經
안장,鞍裝
안교,鞍橋
마,麻
광배,光背
대좌,臺座
관,冠
순제,順帝
기단,基壇
탑신,塔身
보주,寶珠
축,軸
변상도,變相圖
구씨,具氏
변상도,變相圖
변상도,變相圖
계항,戒桁
무생계법문,無生戒法文
혜능,慧能
법보단경,法寶壇經
주,周
변상도,變相圖
변상도,變相圖
반자밀제,般刺密帝
실차난타,實叉難陀
불부사의법품,佛不思議法品
변상도,變相圖
선종,禪宗
남명천화상송증도가,南明泉和尙頌證道歌
최이,崔怡
오용천용,吳庸天用
축황,祝況
배견,拜見
오도,悟道
증도가,證道歌
송,宋
법천선사,南明法泉禪師
계송,繼頌
증도,證道
선가,禪家
남명증도가,南明證道歌
후학,後學
각공,刻工
주자본,鑄字本
주자본,鑄字本
번각,飜刻
구결토,口訣吐
주자판,鑄字版
중조,重雕
불교학,佛敎學
서지학,書誌學
반자밀제,般刺密帝
계환,戒環
반자밀제,般刺密帝
계환,戒環
반자밀제,般刺密帝
계환,戒環
반자밀제,般刺密帝
계환,戒環
반자밀제,般刺密帝
계환,戒環
반자밀제,般刺密帝
계환,戒環
반자밀제,般刺密帝
계환,戒環
변상도,變相圖
법어,法語
간경도감,刊經都監
보제존자,普濟尊者
신미,信眉
법어,法語
보제존자,普濟尊者
신미,信眉
만항,萬恒
혼구,混丘
법어,法語
만항,萬恒
혼구,混丘
신미,信眉
혜각존자신미역해,慧覺尊者信眉譯解
초의,艸衣
청허당보장록,淸虛堂寶藏錄
원,元
몽산화상,蒙山和尙
신미,信眉
법어,法語
덕이,德異
혜근,慧勤
만항,萬恒
혼구,混丘
보조국사,普照國師
지눌,知訥
수심결,修心訣
혜각존자,慧覺尊者
신미,信眉
목우자,牧牛子
법호,法號
선종,禪宗
교종,敎宗
환산정응선사시몽산법어,皖山正凝禪師示蒙山法語
법어,法語
간경도감,刊經都監
명필,名筆
안혜,安惠
현장,玄奘
법장,法藏
한계희,韓繼禧
초간본,初刊本
후진,後秦
구마라습,鳩摩羅什
정축자,丁丑字
을해자,乙亥字
금강경오가해,金剛經五家解
종밀,宗密
종경,宗鏡
기화,己和
언해,諺解
후진,後秦
구마라습,鳩摩羅什
정축자,丁丑字
을해자,乙亥字
금강경오가해,金剛經五家解
종밀,宗密
종경,宗鏡
기화,己和
언해,諺解
행정,行靖
정원,淨源
신미,信眉
학조,學祖
인경자,印經字
세조,世祖
구결,口訣
신미,信眉
간경도감,刊經都監
교정,校正
선본,善本
완형,盌形
청동은입사포류수금문향완,靑銅銀入絲蒲柳水禽文香垸
대좌,臺座
관,冠
지장도,地藏圖
태실,胎室
팔,八
발원문,發願文
해린,海隣
정란종,鄭蘭宗
을유자,乙酉字
신흥사,臣興寺
진안,鎭安
중대사,中臺寺
사면불,四面佛
기단,基壇
탑신,塔身
복발,覆鉢
탑신,塔身
다탑봉,多塔峰
여덟팔,八
기단,基壇
탑신,塔身
천불,千佛
인,人
정,井
팔,八
정,井
팔,八
정,井
사역,寺域
대웅전,大雄殿
지장전,地藏殿
팔,八
천상천하유아독존,天上天下唯我獨尊
대좌,臺座
대좌,臺座
일화문,日華門
월화문,月華門
사정문,思政門
팔,八
선정,宣政
선정전,宣政殿
편전,便殿
상참,常參
회회청,回回靑
선정전,宣政殿
인경궁,仁慶宮
사초,史草
팔,八
양화당,養和堂
팔,八
박석,薄石
하례,賀禮
팔,八
팔,八
정,井
석선,奭善
화덕,華德
팔,八
대장암,大藏庵
팔,八
팔,八
정,井
화사석,火舍石
기단,基壇
탑신,塔身
감실,龕室
기단,基壇
탑신,塔身
인,人
인,人
인,人
팔,八
정,井
인,人
정,井
갈수,渴水
평수,平水
대수,大水
시반,時盤
지평일구,地平日晷
각,角
시표,時表
관상감,觀象監
천정,天頂
대석,臺石
앙부일구,仰釜日晷
황극,黃極
곤여만국전도,坤與萬國全圖
회입,繪入
김진여,金振汝
고산자,古山子
분첩절첩식,分疊折帖式
온성,穩城
종성,鐘城
경원,慶源
영아,營衙
읍치,邑治
성지,城池
진보,鎭堡
창고,倉庫
목소,牧所
봉수,烽燧
방리,坊里
고현,古縣
고진보,古鎭堡
고산성,古山城
도로,道路
영아,營衙
고산자,古山子
분첩절첩식,分疊折帖式
온성,穩城
종성,鐘城
경원,慶源
영아,營衙
읍치,邑治
성지,城池
진보,鎭堡
창고,倉庫
목소,牧所
봉수,烽燧
방리,坊里
고현,古縣
고진보,古鎭堡
고산성,古山城
도로,道路
경도,京都
각,各
도별,道別
인구,人口
물수,物數
고산자,古山子
분첩절첩식,分疊折帖式
온성,穩城
종성,鐘城
경원,慶源
영아,營衙
읍치,邑治
성지,城池
진보,鎭堡
창고,倉庫
목소,牧所
봉수,烽燧
방리,坊里
고현,古縣
고진보,古鎭堡
고산성,古山城
도로,道路
서운관지,書雲觀志
석대,石臺
도성도,都城圖
세총통,細銃筒
차승자총통,次勝字銃筒
소총통,小銃筒
유통식,有筒式
완,碗
격목통,激木筒
약통,藥筒
대완구,大碗口
대완구,大碗口
유통식,有筒式
완,碗
격목통,激木筒
약통,藥筒
중완구,中碗口
중완구,中碗口
리,里
유통식,有筒式
완,碗
격목통,激木筒
약통,藥筒
중완구,中碗口
중완구,中碗口
비격진천뢰,飛擊震天雷
인마살상용,人馬殺傷用
목곡,木谷
죽통,竹筒
완구,碗口
불랑기자포,佛狼機子砲
후장식,後裝式
모포,母砲
자포,子砲
포구,砲口
신헌,申櫶
자포,子砲
모포,母砲
자포실,子砲室
화승,火繩
약실,藥室
군기시,軍器寺
지자총통,池字銃筒
천,天
지,地
현,玄
황,黃
지자총통,池字銃筒
천,天
지,地
현,玄
황,黃
중간자,字
간인,刊印
독서당계회도,讀書堂契會圖
미원계회도,薇垣契會圖
하관계회도,夏官契會圖
호조낭관계회도,戶曹郞官契會圖
호성,扈聖
선무,宣武
상교정본자비도량참법,詳校正本慈悲道場懺法
수한,守閑
신규,信珪
정서,正西
연허,衍虛
변상도,變相圖
수한,守閑
신규,信珪
참회법회,懺悔法會
발원,發願
상교정본자비도량참법,詳校正本慈悲道場懺法
판본,版本
절첩장,折帖裝
선장본,線裝本
수한,守閑
화압,花押
수한,守閑
가필,加筆
보필,補筆
묵서,墨書
자비도량참법권제,慈悲道場懴法卷第
호구,戶口
김저,金貯
지선,志禪
조환,祖桓
변상도,變相圖
건,乾
곤,坤
패도,佩刀
정,丁
곤여전도,坤輿全圖
중간,重刊
광동,廣東
여지구,輿地球
삼혈총,三穴銃
유통식화포,有筒式火砲
천,天
지,地
현,玄
황,黃
통,筒
차대전,次大箭
철환,鐵丸
유통식화포,有筒式火砲
천,天
지,地
현,玄
황,黃
현장,玄奘
선,禪
칙,則
화장사,華藏寺
선종,禪宗
현각,玄覺
선종,禪宗
보제사,普濟寺
기해년,己亥年
문림랑사재소경,文林郞司宰少卿
통사랑,通仕郞
정원,淨源
징관,澄觀
정원,淨源
징관,澄觀
정원,淨源
종밀,宗密
후진,後秦
구마라습,鳩摩羅什
혜인,惠因
후진,後秦
혜인,惠因
권수,卷首
대자,大字
범망경보살계서,梵網經菩薩戒序
원대,元代
하,夏
은,殷
주,周
진,秦
한,漢
원,元
지리기,地理記
상고사,上古史
교지,敎旨
조흡,曺恰
교지,敎旨
교지,敎旨
조흡,曺恰
매,梅
조,鳥
죽,竹
기단,基壇
탑신,塔身
기단,基壇
탑신,塔身
당,幢
당간,幢竿
십,十
당,幢
당간,幢竿
기단,基壇
탑신,塔身
기단,基壇
탑신,塔身
편단우견,偏袒右肩
착의법,着衣法
이불병존상,二佛竝存像
광배,光背
대좌,臺座
우견편단,右肩偏袒
불의,佛衣
대의,大衣
승각기,僧脚岐
아래치마,下裙
우견편단,右肩偏袒
불의,佛衣
삼곡,三曲
팔,八
법신,法身
보신,報身
화신,化身
대불전,佛典
화관,花冠
운,韻
후진,後秦
구마라습,鳩摩羅什
주,註
재색,齋色
후진,後秦
구마라습,鳩摩羅什
천로,川老
지담,志淡
각지,角之
선,禪
시가,詩歌
심요,心要
진실주집,眞實珠集
송조,宋朝
선사,禪師
선,禪
선본,善本
신암,信菴
정토,淨土
보관,寶冠
광배,光背
관,冠
정병,淨甁
대좌,臺座
기단,基壇
향,香
장,杖
궤,几
조두형,鳥頭形
법등,法燈
군호,君號
선,禪
비현합,丕顯閤
신미,信眉
안혜,安惠
박경,朴耕
칠불,七佛
휘,諱
건,建
요,堯
송,誦
종밀,宗密
반자밀제,般刺密帝
계환,戒環
법등,法燈
기단,基壇
탑신,塔身
마애불,磨崖佛
존제사,尊帝寺
대좌,臺座
기단,基壇
탑신,塔身
부중상,八部衆像
보개,寶蓋
대좌,臺座
팔,八
정,井
범,梵
토말,土末
반자밀제,般刺密帝
계환,戒環
반자밀제,般刺密帝
계환,戒環
삼세불,三世佛
복,福
탁영금,濯纓琴
운족,雲足
봉미,鳳尾
약사,藥師
아미타불,阿彌陀佛
사경,寫經
목판본,木版本
충목왕,忠穆王
첩,帖
합천,陜川
봉서사,鳳栖寺
선종유심결,禪宗唯心訣
선장본,線裝本
사경,高麗寫經
첩장본,帖裝本
호접장본,胡蝶裝本
포배장본,包背裝本
인출,印出
대불정여래밀인수증요의제보살만행수능엄경,大佛頂如來密因修證了義諸菩薩萬行首楞嚴經
송,宋
목판,木板
대방광불화엄경소,大方廣佛華嚴經疏
법화삼매참조선강의,法華三昧懺助宣講儀
은자대장경,銀字大藏經
판각,板刻
장정,裝訂
계환,戒環
지선,志禪
수연군,壽延君
왕규,王珪
신문,信文
전,前
대호군,大護軍
신문,信文
선사,大化主禪師
명회,明會
대선,摠持宗大選
자옥,慈玉
안심사,安心寺
변상도,變相圖
정씨,鄭氏
왕씨,王氏
초생정토,超生淨土
화공,畵工
후진,後秦
구마라습,鳩摩羅什
계환,戒環
최이,崔怡
전,前
보양판관,普陽判官
종밀,宗密
정원,淨源
변상도,變相圖
의경왕,懿敬王
영제암,永濟庵
대방광불화엄경,大方廣佛華嚴經
보현행원품,普賢行願品
대불정수릉엄신주,大佛頂首楞嚴神呪
불설아미타경,佛說阿彌陀經
관세음보살보문품,觀世音菩薩普門品
개경,個經
인수대비,仁粹大妃
발문,跋文
인출경위,印出經緯
법등,法燈
변상도,變相圖
패,牌
신중상,神衆像
보상화문,寶相華紋
화문,花紋
화경,花莖
권수,卷首
역자,譯者
사경체,寫經體
조맹부체,趙孟頫體
묵서,墨書
주서,朱書
광덕사,廣德寺
간경도감,刊經都監
서,序
도인,道人
신문,信文
변상도,變相圖
신중상,神衆相
반자밀제,般刺密帝
계환,戒環
각지,角之
산인,山人
지담,志淡
혜일,慧一
구마라습,鳩摩羅什
최이,崔怡
계환,戒環
실차난타,實叉難陀
변상도,變相圖
대좌,臺座
광배,光背
대좌,臺座
관,冠
관,冠
반가상,半跏像
대좌,臺座
천의,天衣
칠장사,七長寺
광배,光背
광배,光背
삼존불,三尊佛
엄비,嚴妃
관,冠
삼도,三道
대좌,臺座
원각상,圓刻像
조성기,造成記
묵서,墨書
숙종,肅宗
상,像
대좌,臺座
조성기,造成記
삼도,三道
관음보살원문,觀音菩薩願文
삼도,三道
원문,願文
길상좌,吉祥坐
문수산,文殊山
대좌,臺座
광배,光背
광배,光背
대좌,臺座
광배,光背
대좌,臺座
미타암,彌陀庵
광배,光背
배,舟
안상,眼象
대석,臺石
비구,比丘
수태,秀台
초상,肖像
사자빈신사지,獅子頻迅寺址
배,舟
광배,光背
석굴,石窟
시조,始祖
증조,曾祖
장전,張戩
소지,所志
치제문,致祭文
전지,傳旨
간경도감,刊經都監
계환,戒環
일여,一如
주,註
계환,戒環
주해,註解
일여,一如
집주,集註
화암사,花岩寺
공암,空岩
의명,義明
법어,法語
덕이,德異
혜근,慧勤
신미,信眉
만항,萬恒
혼구,混丘
징관,澄觀
정원,淨源
주,註
예묘행,倪妙行
명,銘
가,歌
심요,心要
법어,法語
시,詩
문,文
지소,智昭
선가,禪家
종밀,宗密
정원본,貞元本
진본,晉本
주본,周本
충정,忠正
소지,所志
명문,明文
서전,書傳
수택본,手澤本
별시첩,別時帖
운학,雲鶴
양인각,陽印刻
제기,祭器
구룡,龜龍
반양각,半陽刻
구형,球形
주구,注口
반양각,半陽刻
석경,石經
화엄석경,華嚴石經
설산,雪山
단주,短珠
도일비구,道日比丘
혜근,惠勤
신해생갑회지도,辛亥生甲會之圖
보관,寶冠
반자밀제,般刺密帝
계환,戒環
간경도감,刊經都監
안혜,安惠
시,詩
분문집주두공보시,分門集注杜工甫詩
시,詩
분문집주두공보시,分門集注杜工甫詩
당,唐
두공부시,杜工部詩
성종,成宗
홍문관전한,弘文館典翰
제주,諸註
참정,參訂
역편,譯編
두공부시,杜工部詩
제명,題名
두보,杜甫
공부원외랑,工部員外郞
분류,分類
송조,宋朝
분문집주두공보시,分門集注杜工甫詩
참고,參考
관기,冠記
원,元
찬주분류두시,纂註分類杜詩
두보,杜甫
주석,註釋
두시언해,杜詩諺解
을해자,乙亥字
한글자,字
저자,著者
판식,板式
사주단변,四周單邊
반엽,半葉
항,行
자,字
자,小字
두시,杜詩
판심제,板心題
장차,張次
방점,傍點
장,張
표지,表紙
개장,改裝
시,詩
분문집주두공보시,分門集注杜工甫詩
굉지대선사,宏之大禪師
수여,水如
기복도감,祈福都監
시식권공,施食勸供
일용상행,日用常行
백자제기,白磁祭器
산뢰,山罍
매월문,梅月文
창,窓
태지석,胎誌石
태,胎
화조문,花鳥文
관,官
관,官
구나발마,求那跋摩
장,丈
폭,幅
장,張
장,丈
경,經
성불,成佛
승가제바,僧伽提婆
축불념,竺彿念
장,丈
폭,幅
장,張
장,丈
경,竟
경,經
성불,成佛
현장,玄奘
장,丈
폭,幅
장,張
장,丈
김천리,金天理
근사록,近思錄
홍무,洪武
무,武
근사록,近思錄
활자,活字
초주갑인자,初鑄甲寅字
완질본,完帙本
장서인,藏書印
등왕각서,騰王閣序
추풍사,秋風辭
춘야연도리원서,春夜宴桃李園序
추일연,秋日宴
석봉,石峯
가평군수,加平郡守
흡곡현령,翕谷縣令
제한경홍서첩후서,題韓景洪書帖後序
임인칠월망일서,壬寅七月望日書
석봉,石峯
세설신어,世說新語
갑진사월팔일서,甲辰四月八日書
축경조추흥팔수위왕명보제,祝京兆秋興八首爲王明輔題
만력삼십이년세재갑진사월구일서우학림현재,萬曆三十二年歲在甲辰四月九日書于鶴林縣齋
석봉,石峯
해서,楷書
행서,行書
초서,草書
설상청정경,說常淸淨經
질,帙
한경홍진적,韓景洪眞蹟
포졸당진장,抱拙堂珍藏
수장,收藏
조맹부,趙孟頫
포졸당,抱拙堂
원빈씨,元賓氏
석농,石農
소장인,所藏印
석봉,石峯
석봉한호선행해서첩,石峯韓濩先生楷書帖
제첨,題僉
서화상,書畵商
원충희,元忠喜
호성공신,扈聖功臣
선무공신,宣武功臣
교서,敎書
승문원,承文院
사자관,寫字官
만향재,晩香齋
불타다라,佛陀多羅
종밀,宗密
주석,註釋
배휴,裴休
서문,序文
계환,戒環
남재,南在
해린,海隣
공,空
부대사,傅大士
혜능,慧能
종경,宗鏡
기화,己和
설의,設誼
결의,決疑
의서,醫書
당홍역,唐紅疫
당독역,唐毒疫
광해군,光海君
성홍열,猩紅熱
내의원,內醫院
약방,藥方
내사기,內賜記
온역,瘟疫
광해군,光海君
약재명,藥材名
금기,禁忌
내사기,內賜記
허준,許浚
온역,瘟疫
맥리,脈理
형증,形證
약명,藥名
치료법,治法
법,辟法
간기,刊記
감교관,監校官
윤화미,尹和微
선사지기,宣賜之記
내사인,內賜印
수사자,受賜者
질병사,疾病史
어의,御醫
선사인,宣賜印
어의,御醫
선사인,宣賜印
동인지문서,序
응제시,應製詩
양촌시,陽村集
서뇌,書腦
단구장,丹丘藏
명태조,明太祖
양촌,陽村
권근,權近
친제,親製
하사,下賜
태조고황제어제시삼수,太祖高皇帝御製詩三首
명태조,明太祖
명,命
응제시,應制詩
수,首
권람,權擥
주,註
세조,世祖
년,年
목판본,木版本
간행,刊行
권수,卷首
서,序
태조고황제어제시삼수,太祖高皇帝御製詩三首
제하,題下
제압록강,題鴨綠江
고려고경,高麗古京
율시,律詩
원암,圓庵禪師
응제시,應製詩
권람,權擥
지,誌
증주,增註
전세,傳世
선본,善本
서뇌,書腦
명태조,明太祖
양촌,陽村
권근,權近
친제,親製
하사,下賜
태조고황제어제시삼수,太祖高皇帝御製詩三首
명태조,明太祖
명,命
응제시,應制詩
수,首
권람,權擥
주,註
세조,世祖
년,年
목판본,木版本
간행,刊行
권수,卷首
서,序
태조고황제어제시삼수,太祖高皇帝御製詩三首
제하,題下
제압록강,題鴨綠江
고려고경,高麗古京
율시,律詩
원암,圓庵禪師
응제시,應製詩
권람,權擥
지,誌
증주,增註
전세,傳世
선본,善本
동안거사,動安居士
책판,冊版
전본,傳本
영상시,詠史詩
동명왕편,東明王篇
하권,下卷
보판,補板
첩봉,疊峯
을유자,乙酉字
설두,雪竇
환오,圜俉
선,禪
장명원,張明遠
지소,智昭
선가,禪家
잔권,殘卷
수진본,袖珍本
구마라십,鳩摩羅什
역,譯
권수,卷首
신중상,神衆像
설법상,說法像
정구업진언,淨口業眞言
사보살상,四菩薩像
발원문,發願文
운하범,云何梵
지기,誌記
범자,梵字
불정심타라니,佛頂心陀羅尼
타라니,陀羅尼
여의인,如意印
부,符
인출기,印出記
구도자,求道者
사물,事物
공사상,空思想
설,說
호신,護身
독송용,讀誦用
판각,版刻
수진본,袖珍本
지기,誌記
각원,覺圓
비구,比丘
달현,達玄
영흥,永興
신사,信士
전대동,田大同
고연,古燕
본국,本國
홍회,洪淮
소자본,小字本
고려,高麗
충선왕,忠宣王
년,年
판각,板刻
인출기,印出記
충숙왕복위,忠肅王復位
년,年
진성군,晉城君
시주,施主
인출,印出
수진본,袖珍本
수지독송,受持讀誦
복장,腹藏
인출기,印出記
봉림사,鳳林寺
목조여래좌상,木造如來坐像
고려,高麗
공민왕,恭愍王
년,年
복장,腹藏
감지은니대방광불화엄경,紺紙銀泥大方廣佛華嚴經
권제사십팔,卷第四十八
주본,周本
화엄경,華嚴經
여래십신상해품,如來十身相海品
여래수호광명공덕품,如來髓好光明功德品
사성기,寫成記
잔권,殘卷
백지묵서묘법연화경,白紙墨書妙法蓮華經
권제이,卷第二
비유품,譬喩品
신해품,信解品
잔권,殘卷
사성기,寫成記
보물,寶物
광흥사,廣興寺
소장,所藏
품격,品格
고려말,高麗末
조선조,朝鮮朝
초기,初期
사성,寫成
추정,推定
백지묵서범망경,白紙墨書梵網經
사성기,寫成記
화주,化主
혜상,惠尙
묘원,妙圓
최신성,崔信誠
시주,施主
사경,寫經
화주,化主
시주자,施主者
생존시기,生存時期
과주,科注
합부,合部
과주,科注
명태조,明太祖
명,命
대보은사판,大報恩寺版
대장경,大藏經
초기,初期
소자,小字
무의자혜심,無衣子慧諶
보관,普觀
정혜쌍수,定慧雙修
수선사,修禪社
제,第
세국사,世國師
보관,普觀
교,敎
도인,道人
열가,悅可
권말,卷末
범자대장신주,梵字大藏神呪
혜귀,惠歸
시랑,侍郞
삼중대사,三重大師
문광,文光
소자,小字
범총지집일부,梵摠持集一部
소자,小字
불정심관세음보살대타라니경,佛頂心觀世音菩薩大陀羅尼經
권상,卷上
중,中
하,下
청하상국,淸河相國
수복,壽福
권신,權臣
최우,崔瑀
삼학사,三學士
문하시중,門下侍中
신인,信因
축법호,竺法護
초,草
기림사,祈林寺
공,空
현장,玄奘
불모품,佛母品
조,調
경,經
론,論
삼장,三藏
구마라습,鳩摩羅什
건팔,建八
기림사,祈林寺
진,晋
향여,向如
체원,體元
시주자,施主者
대비,大妃
대군,大君
견성사,見性寺
수륙제,水陸祭
징관,澄觀
정원,淨源
첩,帖
빈,嬪
학조,學祖
변상도,變相圖
가정,嘉靖
고본,皐本
포은,圃隱
상,像
상용형식,像容形式
구본,舊本
결봉,結縫
고양생,高陽生
희범,希范
결고,潔古
통진자,通眞子
기단,基壇
탑신,塔身
기단,基壇
탑신,塔身
기단,基壇
탑신,塔身
기단,基壇
탑신,塔身
안상,眼象
기단,基壇
탑신,塔身
안상,眼象
기단,基壇
탑신,塔身
기단부,基壇部
안상,眼象
탑신,塔身
인,人
포벽,包壁
대좌,臺座
광배,光背
세전,世田
명월지불,明月智佛
실차난타,實叉難陀
정원,淨源
정사,丁巳
남백사,南白寺
보현행원품,普賢行願品
징관,澄觀
환암,幻庵
혼수,混修
송본,宋本
실차난타,實叉難陀
정원,淨源
진언집,眞言集
교장도감,敎藏都監
국,鞠
후진,後秦
구마라집,鳩摩羅什
소경,紹瓊
만항,萬恒
혼구,混丘
공전,功田
입학도설,入學圖說
양촌,陽村
익산,益山
사서오경,四書五經
태극도설,太極圖說
도,圖
설,說
진주,晉州
천인심성합일지도,天人心性合一之圖
도설,圖說
대학,大學
입전,立傳
중용,中庸
분절,分節
변의,辨議
어맹대지,語孟大旨
권도,權蹈
박융,朴融
하연,河演
정척,鄭陟
정사겸,鄭思謙
십이월괘지도,十二月卦之圖
도,圖
괘륵과설지법,掛扐過揲之法
정,貞
변상도,變相圖
구마라습,鳩摩羅什
법칠사장,法七四丈
봉정사,鳳停寺
각지,角之
도인,道人
신운,信雲
계환,戒環
일여,一如
간경도감,刊經都監
선문념송집,禪門拈訟集
설두,雪竇
천동,天童
구암,龜庵
정안,正安
손창,孫昌
유립,有立
최이,崔怡
미타참법,彌陀懺法
변상도,變相圖
정,貞
후진,後秦
구마라습,鳩摩羅什
각수,刻手
종밀,宗密
선,禪
선사상,禪思想
최고,最古
호등,壺鐙
검신,劍身
통,筒
후진,後秦
구마라습,鳩摩羅什
변상도,變相圖
신장,神將
보능,寶能
토,吐
신민,信敏
신의,信義
교연,皎然
정,貞
변상도,變相圖
경,經
경,經
문신,文臣
성리대전,性理大典
금성목활자,錦城木活字
성리대전서절요,性理大全書節要
인출경위,印出經緯
절요자,節要者
중종,中宗
호남관찰사,湖南觀察使
명,命
부임,赴任
도사,都事
금성,錦城
나주목,羅州牧
목활자,木活字
결자,缺字
권두,卷頭
태극도총론,太極圖總論
권두제면,卷頭題面
변란,邊欄
사주단변,四周單邊
반엽,半葉
판심부,板心部
대흑구,大黑口
상하내향,上下內向
흑어미,黑魚尾
판심제,板心題
성리대전,性理大全
권장차,卷張次
신선로,神仙爐
종형,鐘形
장서인,藏書印
후서,後序
전책,全冊
충식,蟲蝕
장,張
황공소,黃公紹
태충,態忠
대선사,大禪師
진충귀,陳忠貴
진충귀,陳忠貴
현각선사,玄覺禪師
신미,信眉
계비,繼妃
학조,學祖
인경자,印經字
장막동,張莫同
최금동,崔今同
고말종,高末終
각수,刻手
서배,書背
미타참법,彌陀懺法
정희왕후,貞熹王后
간경도감,刊經都監
개판,改版
왕실판본,王室版本
예념미타도량참법,禮念彌陀道場懺法
보리심,菩提心
혜랑,慧朗
모본,母本
시주질,施主秩
숙의,淑儀
상궁,尙宮
월산대군,月山大君
제안대군,齊安大君
신미,信眉
학열,學悅
학조,學祖
간행질,刊行秩
삼세불,三世佛
화원,畵員
백종린,白終麟
이장손,李長孫
연뢰,蓮蕾
태지석,胎誌石
아지,阿只
종밀,宗密
호접장,胡蝶裝
진재해,秦再奚
팔,八
태산문,胎産文
간지,間紙
주불,主佛
발원문,發願文
팔,八
기단,基壇
탑신,塔身
안상,眼象
인왕상,仁王像
기단부,基壇部
안상,眼象
탑신,塔身
인왕상,仁王像
기단,基壇
탑신,塔身
기단,基壇
탑신,塔身
안상,眼象
기단,基壇
탑신,塔身
팔,八
행,行
진본,晋本
치씨,郗氏
정본,正本
음의,音義
원각회도,圓覺會圖
법화경,法華經
참경,懺經
지장경,地藏經
상교정본자비도량참법,詳校正本慈悲道場懺法
수한,守閑
신규,信珪
정서,正西
연허,衍虛
반자밀제,般刺密帝
계환,戒環
동궁,東宮
빈,嬪
변상도,變相圖
성녕대군,誠寧大君
인순부윤,仁順府尹
성억,成抑
서화,書畵
은대계회도,銀臺契會圖
한구소시,韓歐蘇詩
매촌동약,梅村洞約
신역,新譯
선재동자,善財童子
행,行
후진,後秦
구마라습,鳩摩羅什
장,丈
폭,幅
장,張
장,丈
경,敬
산거사요,山居四要
산촌,山村
경상도관찰출척사,慶尙道觀察黜陟使
조치,曺致
도사,都事
안질,安質
참의,參議
박분,朴賁
가장,家藏
선본,善本
좌씨전,左氏傳
청도지군사,淸道知郡事
주소,朱邵
청도,淸道
출간,出刊
제목록,諸目錄
전부,前部
결본,缺本
발문,跋文
간행,刊行
기록,記錄
편제,編制
명시,明示
발문,跋文
동방,東方
문교,文敎
경서,經書
사서,史書
좌씨전,左氏傳
춘추,春秋
연구,硏究
신해년,辛亥年
감사,監司
조치,曺致
도사,都事
안질,安質
선본,善本
중추,仲秋
중동,仲冬
고성,告成
판각,板刻
월,月
인쇄,印刷
선덕,宣德
개판,開板
발문,跋文
십일월,十一月
청도개판,淸道開板
간기,刊記
간행제원,刊行諸員
관명,官名
성명,姓名
행,行
교정,校正
도색,都色
색기관,色記官
각수,刻手
발문,跋文
좌씨전,左氏傳
출간,出刊
좌씨전,左氏傳
좌씨전,左氏傳
발문,跋文
간기,刊記
간행제원,刊行諸員
성명,姓名
서지학연구,書誌學硏究
경서,經書
좌씨전연구,左氏傳硏究
춘추경좌씨전구해,春秋經左氏傳句解
송,宋
춘추좌씨경전집해,春秋左氏經傳集解
모인,某人
모지,某地
직주,直注
구해,句解
직해식,直解式
경상도관찰출척사,慶尙道觀察黜陟使
조치,曺致
도사,都事
안질,安質
청도지군사,淸道知郡事
주소,朱邵
청도,淸道
출간,出刊
춘추경좌씨전구해,春秋經左氏傳句解
시성,詩聖
우집,虞集
주,註
서,序
발,跋
현장,玄奘
법장,法藏
한계희,韓繼禧
초간본,初刊本
사자좌,獅子座
전,田
은,三隱
목은영당본,牧隱影堂本
소본,小本
대본,大本
문헌서원본,文獻書院本
대전영당본,大田影堂本
은,三隱
문헌서원본,文獻書院本
은,三隱
은,三隱
대전영당본,大田影堂本
서문,序文
삼은,三隱
동활자,銅活字
원각경,圓覺經
종밀,宗密
소초,疏鈔
을유자,乙酉字
권하,卷下
불타다라,佛陀多羅
한역,漢譯
소,疏
간경도감,刊經都監
국역본,國譯本
저본,底本
경문,經文
구결,口訣
주자소,鑄字所
판식,版式
변란,邊欄
사주단변,四周單邊
반곽,半郭
계선,界線
반엽,半葉
행자수,行字數
주문,註文
쌍행,雙行
어미,魚尾
상하내향흑어미,上下內向黑魚尾
판심제,版心題
원각,圓覺
장정,裝訂
선장,線裝
주성,鑄成
유신,儒臣
전본,傳本
간경도감,刊經都監
서,序
온희,溫姬
선,禪
법집별행록절요병입사기,法集別行錄節要幷入私記
보조국사,普照國師
법집별행록,法集別行錄
절요,節要
사기,私記
선사상,禪思想
분,分
분,分
분,分
영경사,永慶寺
도과법사,道顆法師
지봉,志奉
지도,志道
각온,覺溫
불설사십이장경,佛說四十二章經
불유교경,佛遺敎經
위앙종,僞仰宗
초조,初祖
위산경책,潙山警策
서제,序題
지봉,志峯
지도,志道
각온,覺溫
중간,重刊
후인,後印
비구익대,比丘益大
덕이,德異
서문,序文
간경도감,刊經都監
계환,戒環
윤,閏
조선국왕지인,朝鮮國王之印
시명지보,施命之寶
요문청,姚文淸
수,水
곡,穀
채,菜
과,果
금,禽
수,獸
어,魚
미,味
류,類
각류,各類
신상,神像
유통식화포,有筒式火砲
천,天
지,地
현,玄
황,黃
의방,醫方
판식,板式
구급방서,救急方書
을해자본,乙亥字本
번각본,翻刻本
설월당,雪月堂
언해본,諺解本
의약서,醫藥書
한의학,漢醫學
구마라습,鳩摩羅什
포배장,包背裝
기단,基壇
탑신,塔身
탑지,塔誌
소탑,小塔
십,十
십,十
사경,寫經
반자밀제,般刺密帝
계환,戒環
위역림,危亦林
활유론,活幼論
초생,初生
설월헌인,雪月軒人
사천국,四天國
지국천왕,持國天王
다문천왕,多聞天王
증장천왕,增長天王
광목천왕,廣目天王
천의,天衣
사천국,四天國
지국천왕,持國天王
다문천왕,多聞天王
증장천왕,增長天王
광목천왕,廣目天王
산,山
보관,寶冠
광배,光背
광배,光背
배,舟
보관,寶冠
만,卍
명원,明遠
불,佛
후령통,喉鈴筒
기단,基壇
탑신,塔身
안상,眼象
기단,基壇
탑신,塔身
기단,基壇
탑신,塔身
연뢰,蓮蕾
대장순광,大匠順光
치란흥망,治亂興亡
차감,借鑑
경복궁,景福宮
사정전,思政殿
훈의,訓義
교감,校勘
윤회,尹淮
권도,權蹈
설순,偰循
김말,金末
초주갑인자,初鑄甲寅字
경외,京外
배포,配布
명신,名臣
자치통감사정전훈의,資治通鑑思政殿訓義
세종조,世宗朝
주자소,鑄字所
초주갑인자,初鑄甲寅字
전본,傳本
송,宋
윤회,尹淮
권도,權蹈
김말,金末
유의손,柳義孫
통감음주,通鑑音注
통감원위,通鑑源委
통감집람,通鑑輯覽
통감석의,通鑑釋義
사정전,思政殿
자치통감사정전훈의,資治通鑑思政殿訓義
자치통감,資治通鑑
치란흥망,治亂興亡
차감,借鑑
최고,最高
자치통감,資治通鑑
인출,印出
사정전,思政殿
사정전훈의,思政殿訓義
자치통감,資治通鑑
주자소,鑄字所
거질,巨帙
기단,基壇
탑신,塔身
기단,基壇
탑신,塔身
기단,基壇
탑신,塔身
타루,墮淚
양호,羊祜
발,跋
단묘,壇廟
팔,八
기단,基壇
탑신,塔身
수선,修繕
기단,基檀
탑신,塔身
산수,山水
공민왕,恭愍王
비구니,比丘尼
묘지,妙智
묘수,妙殊
시주,施主
사성,寫成
권수,卷首
경변상,經變相
관음보살상,觀音菩薩像
권말,卷末
일지,洪武四年辛亥七月日誌
비구니묘지,施主比丘尼妙智
묘수,同願比丘尼妙殊
피휘결획,避諱缺劃
안진경체,顔眞卿體
호종,扈從
영양군,瀛陽君
위성공신,衛聖功臣
상훈교서,賞勳敎書
공적사례,功績事例
분조,分朝
진충,盡忠
상전,賞典
상사,賞賜
도형,圖形
초일계작,超一階爵
적장,嫡長
세습,世襲
사유,赦宥
구사,丘史
은자,銀子
표리,表裏
내구마,內廐馬
상사,賞賜
서맹,誓盟
황하,黃河
맹약,盟約
최흥원,崔興源
시명지보,施命之寶
새보,璽寶
오사모,烏紗帽
단령,團領
공수,拱手
전신교의좌상,全身交椅坐像
좌안칠분면,左顔七分面
취각,取角
채전,彩氈
족좌대,足座臺
혜,鞋
진무공신,振武功臣
창의,氅衣
선무,宣武
호종,扈從
정난,靖難
법령,法令
협,頰
이문,耳紋
선염기,渲染氣
고식,古式
양촌,陽村
권근,權近
발문,跋文
대선,大選
신희,信希
기로,耆老
중자,中字
성달,成達生
성개,成槪
상중,喪中
선군,先君
추복,追福
필사,筆寫
도인,道人
신문,信文
전라도,全羅道
운제현,雲梯縣
도솔산,兜率山
안심사,安心社
간행,刊行
권수,卷首
정씨,鄭氏
고려,高麗
우왕,禑王
송,宋
급남,及南
화상,和尙
본문,本文
묵서,墨書
구결,口訣
두주,頭註
권근,權近
발문,跋文
토산군,兎山郡
부인,夫人
김씨,金氏
처,妻
원씨,元氏
시주자,施主者
후쇄본,後刷本
서발,序跋
변상도,變相圖
명필,名筆
성달생,成達生
성개,成槪
정서,精書
판본,板本
안심사,安心寺
신문,信文
변상도,變相圖
신중상,神衆像
구결,口訣
두주,頭註
현토,懸吐
신문,信文
안심사,安心寺
변상도,變相圖
호성공신,扈聖功臣
몽진,蒙塵
계,階
군호,君號
노비,奴婢
구사,丘史
전,田
은자,銀子
표리,表裏
내구마,內廐馬
만력삼십이년십월,萬曆三十二年十月
시명지보,施命之寶
어보,御寶
철암산,鐵岩山
음각,陰刻
명문,銘文
팔,八
비구,比丘
여의,如意
범자,梵字
범자,梵字
진성,鎭星
세성,歲星
형혹,熒惑
태백,太白
진성,辰星
남만,南蠻
인력자,印曆字
박면타,朴免妥
한중례,韓仲禮
도청,都廳
일본고,日本考
지지,地志
토속,土俗
구술,寇術
검제,劍制
일본고,日本考
탑신,塔身
땅,地
해,日
달,月
연뢰,蓮蕾
권찬,權纘
동정추월,洞庭秋月
설산,雪山
응진당,應眞堂
전공,戰功
월곡,月谷
사성,師聖
월곡,月谷
선무원종공신,宣武原從功臣
관직,官職
관작,官爵
시호,諡號
자격,資格
군공,軍功
행군기시주부,宣務郞行軍器寺主簿
군기시판관,奉訓郞軍器寺判官
합천군수,通訓大夫軍資監正兼陜川郡守
행경상좌도수군우후,折衝將軍行慶尙左道水軍虞侯
선무원종공신,宣武原從功臣
우성덕,禹成德
동지의금부사,嘉善大夫戶曺參判兼同知義禁府事
장씨,蔣氏
정부인,貞夫人
윤승훈,尹承勳
류영경,柳永慶
진실,陳實
원각사,圓覺寺
서봉사,西鳳寺
산영루,山映樓
간성군읍지,杆城郡邑誌
의신,義信
산천비보,山川裨補
군도,群圖
선염,渲染
보흥사,普興寺
치견,侈絹
소요당,逍遙堂
부림,浮林
대장,大藏
신지,神旨
조실,祖室
보주형,寶珠形
범자,梵字
태활,兌活
화주,化主
두훈,抖薰
지연,指演
화엄경,華嚴經
칠처구회,七處九會
천수관음,千手觀音
준제관음,准提觀音
업경대,業鏡臺
천수,天守
관보,琯甫
승활,勝活
지한,智閑
성의,成宜
수미단,須彌壇
삼도,三道
임한,任閑
민휘,敏輝
순백,舜白
포근,抱根
임한,任閑
청동은입사향완,高杯形靑銅銀入絲香垸
테두리,口緣部
완형,盌形
몸체,身部
다리,臺部
범자,梵字
원문,圓紋
세선입사,細線入絲
여의두문,如意頭紋
복판,覆瓣
신애남,辛愛南
상좌부,上座部
장,丈
장,張
성교,聖敎
현양,顯揚
논서,論書
장,丈
장,張
승군,僧軍
도총섭,都總攝
홍재,弘齋
고산자,古山子
김정호,金正浩
분첩절첩식,分疊折帖式
주현별,州縣別
영진,營鎭
주현,州縣
진보,鎭堡
역도,驛道
목소,牧所
방면,坊面
창고,倉庫
봉수,烽燧
능침,陵寢
성,城
도로,道路
파수,把守
방십리매편,方十里每片
매방,每方
전도,全圖
절첩식,絶帖式
산계,山界
수계,水界
지도표,地圖標
방,坊
면,面
안상,眼象
연기문,緣起文
복갑,腹甲
삼도,三道
법신,法身
호계대신,護戒大神
복덕대신,福德大神
보신,報身
화신,化身
설산,雪山
시자,侍者
범음,梵音
십종통호,十種通號
사탑단당,寺塔壇幢
전거,典據
어의,語義
통론이제,統論二諦
소주경덕사보윤대사행업기,蘇州景德寺普潤大師行業記
무기자,無機子
보윤,普潤
거이,鉅二
거칠,鉅七
야이,野二
함차,函次
행업기,行業記
북장,北藏
증보,增補
만력판,萬曆版
천구,天球
주극성,週極星
점각,點刻
송악도,松岳圖
오악,五嶽
순치구년임진구월,順治九年壬辰九月
삼각산문주암비구니,三角山文殊庵比丘尼
선화자조성,仙化子造成
향우,向右
향좌,向左
삼세불,三世佛
삼도,三道
아미타인,阿彌陀印
무염,無染
통견,通肩
아미타인,阿彌陀印
청헌,淸憲
괘불원문,掛佛願文
정일,定一
중흥조,中興祖
만공,滿空
귀정사,歸淨寺
삼도,三道
통견,通肩
수연,守衍
화원,畵員
수미단,須彌壇
심원사,心源寺
불탁,佛卓
삽화병,揷花甁
목단,牧丹
운파,雲波
안상,眼象
후령통,喉鈴筒
오방,五方
삼족,三足
번,幡
포,袍
신축오월십일조,辛丑五月十日造
위대구전호정서감부,爲大口前戶正徐敢夫
청사연대쌍황하사,淸沙硯壹雙黃河寺
신축년,辛丑年
북송,北宋
자주요,磁州窯
산화번조,酸化燔造
귀면,鬼面
화창,畵窓
화창,花窓
사립,沙粒
시문,詩文
장진주,將進酒
봉옥지읍라병수막위,鳳玉脂泣羅屛繡幕圍
치가세요무황시청춘,齒歌細腰舞況是靑春
우권군종일명정취주,雨勸君終日酩酊醉酒
당대,唐代
시귀,詩鬼
삼산봉,三山峰
선유경,船遊景
강촌,江村
정중,靜仲
두성령,杜城令
영모화,翎毛畵
모견도,母犬圖
단선점준,短線點皴
정,鼎
자,字
정중,靜仲
백문방인,白文方印
시의도,詩意圖
백문타원인,白文楕圓印
기우유자,騎牛游子
을축년동지후삼일,乙丑年冬至後三日
단구사,丹邱寫
초옥,草屋
성월교결,星月皎潔
명하재천,明下在天
사무인성,四無人聲
성재수간,聲在樹間
백우감기심,百憂感其心
경기감영,京畿監營
돈의문,敦義門
수문장청,守門將廳
기영,圻營
선화당,宣化堂
영은문,迎恩門
모화관,慕華館
대현,大峴
소현,小峴
읍승정,揖升亭
사정,射亭
성시도,城市圖
비신,碑身
부도전,浮屠田
탑구,塔區
사선문,斜線紋
비좌,碑座
화문,花紋
비제,碑題
정두경,鄭斗卿
숭정,崇禎
병자,丙子
사월,四月
일,日
운룡문,雲龍紋
앙련,仰蓮
석비,石碑
비신,碑身
이수,螭首
지대석,地臺石
일석,一石
비좌,碑座
당초문,唐草紋
초화문,草花紋
비신공,碑身孔
불사,佛事
석가모니불,釋迦牟尼佛
문수,文殊
보현,普賢
보살,菩薩
성중,聖衆
군도형식,群圖形式
담채,淡彩
화사,畵師
인문,印文
민기,敏機
세정,洗淨
불화승,佛畵僧
군도형식,群圖形式
비색,翡色
유약,釉藥
태토,胎土
상형청자,像型靑磁
주구,注口
퇴화점,堆花點
비색,翡色
유색,釉色
태토,胎土
인화문,印花文
유약,釉藥
면,面
선,線
시문,施文
시유,施釉
부조,浮彫
공양상,供養像
반가상,半跏像
주향,主享
문정공,文貞公
안축,安軸
문경공,文敬公
안보,安輔
문민공,文敏公
주세붕,周世鵬
주좌,柱座
쇠혀,牛舌
고주,高柱
초정일,初丁日
홀기문서,笏記文書
소수서원,紹修書院
왕숙안,王叔安
전서,篆書
봉사조선창화시책,奉使朝鮮倡和詩冊
제전,題篆
창화시,唱和詩
청,淸
당한제,唐翰題
발문,跋文
명,明
봉사,奉使
예겸,倪謙
성삼문,成三問
신숙주,申叔舟
창화시,唱和詩
광서,光緖
을사년,乙巳年
명,明
한림원시강,翰林院侍講
조서,詔書
신숙주,申叔舟
성삼문,成三問
창화,唱和
시문,詩文
도서,圖書
과,顆
예겸,倪謙
정존,靜存
예겸지인,倪謙之印
한림시강사인,翰林侍講私印
사원재필,詞垣載筆
동각사관,東閣史官
예씨자자손손기영보지,倪氏子子孫孫其永保之
하동정씨,河東鄭氏
숙주,叔舟
범옹,泛翁
근보,謹甫
진기종,陳驥鍾
진기덕소보명적,陳驥德所寶名跡
당한제,唐翰題
당한제심정,唐翰題審正
송옹감장,松翁鑒藏
당풍루,唐風樓
고종,高宗
광무,光武
가흥당씨,嘉興唐氏
동빈,東濱
두계,斗溪
일산,一山
동주,東州
간송,澗松
전형필,全鎣弼
동창,東滄
원충희,元忠喜
감정,鑑定
한지,韓紙
한문,漢文
감정기,鑑定記
청명,靑溟
임창순,任昌淳
진장,珍藏
대명외교,對明外交
세종,世宗
비해당,匪懈堂
팔경시,八景詩
팔경도,八景圖
이서,移書
성삼문,成三問
박팽년,朴彭年
신숙주,申叔舟
안지,安止
강석덕,姜碩德
최항,崔恒
남수문,南秀文
신석조,辛碩祖
본시,本始
시권,詩卷
일탈,逸脫
첩장,帖裝
권축장,卷軸裝
면,面
첩장,帖裝
만우,卍雨
제서,題書
시문,詩文
찬자,撰者
진필,眞筆
세종조,世宗朝
집현전학사,集賢殿學士
사서,史書
단종,端宗
세조,世祖
안평대군,安平大君
사육신,死六臣
진적,眞蹟
몽유도원도,夢遊桃園圖
비해당소상팔경시첩,匪懈堂瀟湘八景詩帖
유묵,遺墨
찬시,贊詩
좌목,座目
종해,宗海
상주,尙州
교위,校尉
성화,成化
원년,元年
훈도,訓導
홍치,弘治
치사,致仕
구마라즙,鳩摩羅什
권하,卷下
연수,延壽
집,集
수보살계법,受菩薩戒法
진,陳
혜사,惠思
찬,撰
수보살계의,受菩薩戒儀
승조,僧肇
후서,後序
계,十重大戒
십선계,十善戒
구마라즙,鳩摩羅什
혜능,慧能
금강반야바라밀경,金剛般若波羅蜜經
금강경,金剛經
공,空
장엄정토분,莊嚴淨土分
것,應無所住而生其心
원흥사,元興寺
박지요거사,朴知遙居士
흥덕사,興德寺
주본,周本
징관,澄觀
정원,淨源
교장류,敎藏類
대방광불화엄경,大方廣佛華嚴經
화엄경,華嚴經
화엄경소,華嚴經疏
정원,淨源
의천,義天
주본,周本
주소본,註疏本
상즙,橡汁
제첨,題簽
표지서명,簽題
판수제,板首題
지질,紙質
저지,楮紙
묵즙,墨汁
도침,搗砧
가정,嘉靖
임자,壬子
시봉,侍奉
묵서,墨書
인출기,印出記
장서기,藏書記
자체,字體
송판,宋板
주본,周本
의천,義天
불서,佛書
송,宋
보당,寶幢
번,幡
점판암제,粘板巖製
임신,壬申
간지,干支
임신서기명석,壬申誓記銘石
충도,忠道
시경,詩經
상서,尙書
춘추전,春秋傳
향찰식,鄕札式
한문식,漢文式
훈석식,訓釋式
교우이신,交友以信
신서,信誓
표상물,表象物
천,天
임신년,壬申年
서예사적,書藝史的
금석문,金石文
서사,書寫
현수보살,賢首菩薩
증득,證得
삼매,三昧
위신력,威神力
게송,偈頌
사성,寫成
영록대부,榮祿大夫
휘정사,徽政使
정독만달아,鄭禿滿達兒
세밀,精細
사성기,寫成記
관인,官人
사발,大鉢
기벽,器壁
사세,寺勢
개부,蓋部
기대,器臺
삼족,三足
보주,寶珠
화염보주,火焰寶珠
삼현수간,三賢手簡
우계,牛溪
첩,帖
성리학,性理學
대가,大家
심성,心性
사단,四端
사상사적,思想史的
학술사적,學術史的
우계집,牛溪集
문집,文集
서예사적,書藝史的
초서,草書
초서교본,草書敎本
현전,現傳
구형,球形
독존도,獨尊圖
홍련좌,紅蓮座
좌측,向右
다보불,多寶佛
오른쪽,向左
시방불,十方佛
어문,魚文
감지주서,紺紙朱書
백지묵서,白紙墨書
쾌윤,快允
구형,球形
백토니,白土泥
자토니,裏土泥
퇴화,堆花
화문,花文
농담,濃淡
정통,正統
연기,年紀
묘지,墓誌
도자묘지,陶磁墓誌
묘지,墓誌
묘주,墓主
부,父
조,祖
증조,曾祖
외조,外祖
남,男
녀,女
졸년,卒年
가계,家系
원원사,遠願寺
밀교,密敎
안혜,安惠
현륭원,顯隆園
화성성묘전배도,華城聖廟展拜圖
봉수당진찬도,奉壽堂進饌圖
서장대야조도,西將臺夜操圖
득중정어사도,得中亭御射圖
환어행렬도,還御行列圖
한강주교환어도,漢江舟橋還御圖
화성,華城
현륭원,顯隆園
행행,行幸
화성성묘전배도,華城聖廟展拜圖
봉수당진찬도,奉壽堂進饌圖
서장대야조도,西將臺夜操圖
득중정어사도,得中亭御射圖
환어행렬도,還御行列圖
한강주교환어도,漢江舟橋還御圖
보관,寶冠
화불,化佛
상린,尙鱗
해웅,海雄
지영,智英
성종,聖宗
상명,尙明
경순,敬順
호성공신,扈聖功臣
청난공신,淸難功臣
선무공신,宣武功臣
사모,紗帽
자,字
공려,公勵
호,號
현손,玄孫
오사모,烏紗帽
흑단령,黑團領
공수,拱手
운문,雲紋
흑피혜,黑皮鞋
채전,彩氈
통견,通肩
법의,法衣
의문,衣紋
감산사상,甘山寺像
사면석불,堀佛寺址四面石佛
주형거신광,舟形擧身光
부감법,俯瞰法
화판문,花瓣文
통견,通肩
대의,大衣
천의,天衣
색구름대,彩雲帶
좌측,向右
여의,如意
오른쪽,向左
입수구,入水口
덕천,德泉
명,銘
여의두문대,如意頭文帶
국화문,菊花文
당초문대,唐草文帶
국화문대,菊花文帶
박지,剝地
조화,彫花
주구,注口
칠언절구,七言絶句
수선사,修禪社
세주,世主
원감국사,圓鑑國師
원감국사어록,圓鑑國師語錄
원감국사집,圓鑑國師集
원감국사가송,圓鑑國師歌頌
해동조계복암화상잡저,海東曹溪宓庵和尙雜著
책판,冊版
후쇄본,後刷本
원감국사가송,圓鑑國師歌頌
잡저,雜著
간행,刊行
발원,發願
관장,官匠
명문,銘文
주성시,鑄成時
인,人
반정,反正
별서,別墅
숙종,肅宗
어필,御筆
음기,陰記
어제,御製
동평군,東平君
훈민정음,訓民正音
정음,正音
월인천강지곡,月印千江之曲
악장,樂章
자체,字體
조맹부,趙孟頫
송설체,松雪體
판심,版心
흑구,黑口
내향흑어미,內向黑魚尾
장차,章次
목조,穆祖
태종,太宗
사적,事跡
사적,事蹟
한시,漢詩
권제,權踶
최항,崔恒
태종,太宗
사적,事跡
천명,天命
한시,漢詩
주해,註解
권제,權踶
안지,安止
최항,崔恒
박팽년,朴彭年
강희안,姜希顔
음훈,音訓
선사지기,宣賜之記
진전문,進箋文
표제,表題
제첨,題簽
고어,古語
만송문고,晩松文庫
만송문고,晩松文庫
삼은,三隱
도은,陶隱
변계량,卞季良
권근,權近
시집,詩集
문집,文集
계선,界線
첩차,疊字
한자,漢字
삼은,三隱
변계량,卞季良
시집,詩集
문집,文集
권근,權近
서문,序文
주탁,周倬
정도전,鄭道傳
권근,權近
이색,李穡
장부,張溥
고손지,髙巽志
발문,跋文
명,明
이운,移運
좌정언,左正言
진일재,眞逸齋
성임,成任
성현,成俔
서거정,徐居正
성현,成俔
시,詩
부,賦
서,序
기,記
설,說
서후,書後
전,傳
전,箋
강희맹,姜希孟
서거정,徐居正
임원준,任元濬
검,劍
당,幢
봉,鳳
화,花
운문,雲紋
무인상,武人像
만들었다,重造
송광사사고,松廣寺史庫
사지,寺誌
교장,敎藏
교장,敎藏
중수본,重修本
의천,義天
교장도감,敎藏都監
교장,敎藏
간경도감,刊經都監
마천목,馬天牧
태조개국공신,太祖開國功臣
좌명공신,佐命功臣
칭하,稱下
포상,褒賞
도평의사사,都評議使司
출납,出納
의정부,議政府
관,關
서식,書式
사집과,四集科
보단,寶壇
화기,畵記
임한,任閑
교서,敎書
유지,有旨
급첩,給牒
상소초,上疏草
첩,帖
소지류,所志類
분재기류,分財記類
노비문기,奴婢文記
토지문기,土地文記
간찰,簡札
관력,官歷
인종수찰,仁宗手札
납속,納贖
허통급첩,許通給牒
조사첩,朝謝帖
서경,署經
고신식,告身式
조사첩,朝謝帖
조사첩,朝謝牒
소지,所志
당,唐
복부,腹部
삼각형,三角形
일인,一人
학정금대,鶴頂金帶
각대,角帶
형난공신,亨難功臣
처,妻
형난공신,亨難功臣
백한문양,白鷳紋樣
삽금대,揷金帶
니금색,泥金色
개명,改名
처,妻
전기,傳記
심의,深衣
정자관,程子冠
공수,拱手
경산,京山
기원,綺園
찬문,贊文
연거복,燕居服
대사성,大司成
최창대,崔昌大
진주,晋州
강세황,姜世晃
비수,肥瘦
전신,傳神
달성,達城
경지,敬之
십우헌,十友軒
자찬,自贊
청송,靑松
추화,追畵
남태응,南泰膺
청죽화사,靑竹畵史
정사공신,靖社功臣
당상선전관,堂上宣傳官
오위장,五衛將
운보문단,雲寶紋緞
전신,傳神
사모,紗帽
흑단령,黑團領
교의자,交椅子
반우향,半右向
공수,拱手
쌍학흉배,雙鶴胸背
서대,犀帶
판의금부사,判義禁府事
근역서화징,槿域書畵徵
변상벽,卞相璧
화재화정,和齋畵幀
어진화사,御眞畵師
홍기,紅氣
초립,草笠
포,袍
얼굴이라,攢眉滯愁容
어진화사,御眞畵師
주갑상,周甲像
표제,表題
홍지표제,紅紙表題
족자표장,簇子表粧
복본,複本
별본,別本
원례,元禮
삼산재,三山齋
전주,全州
남원,南原
영초,永初
기천,沂川
익사공신,翼社功臣
채전,彩氈
교의,交椅
반우향,半右向
서대,犀帶
풍천,豊川
자룡,子龍
채전,彩氈
의답,椅踏
백한흉배,白鷳胸背
성시헌익사공신교서,成時憲翼社功臣敎書
기계,杞溪
사경,士京
칙지헌,則止軒
어진,御眞
어평,御評
기계유씨,杞溪兪氏
좌안칠분면,左顔七分面
의좌상,椅坐像
불자,拂子
백묘법,白描法
가경원년병진,嘉慶元年丙辰
비보사찰,裨補寺刹
삼암사,三巖寺
의좌상,椅坐像
도일비구,道日比丘
시복,時服
서대,犀帶
어진화사,御眞畵師
우국지사,憂國之士
심의,深衣
모관,毛冠
정벌,征對馬島
정벌,征婆猪江
정벌,征建州衛
정벌,征建州衛
정벌,征西北虜寇
정벌,征三浦叛倭
강목체,綱目體
정,征
토,討
구,寇
반,叛
참,斬
로,虜
포폄,褒貶
서례,序例
기묘조,己卯條
성호사설,星湖僿說
경사문,經史門
개국공신,開國功臣
회맹제,會盟祭
회맹문,會盟文
명단,會盟錄
권축장,卷軸裝
회맹문,會盟文
회맹록,會盟錄
군호,君號
공신호,功臣號
직함,職銜
성명,姓名
계,啓
신병질,身病秩
인공재외질,因公在外秩
재상질,在喪秩
말미,末尾
충훈부,忠勳府
저본,底本
을유자,乙酉字
결본,缺本
을유자본,乙酉字本
주성,鑄成
갑진자,甲辰字
반자밀제,般刺密帝
계환,戒環
상호,相好
정상계주,頂上髻珠
중앙계주,中央髻珠
범자,梵字
원상,圓相
원각경,圓覺經
경,經
변상도,變相圖
계항,戒桁
무생계법문,無生戒法文
혜능,慧能
법보단경,法寶壇經
천태종,天台宗
전교승,傳敎僧
산긍,山亘
실상,實相
중도,中道
법화삼매,法華三昧
편성,編成
상권,上卷
서품,序品
화성유품,化城喩品
판각간기,板刻刊記
전엽,全葉
장차,張次
반자밀제,般刺密帝
계환,戒環
최항,崔恒
서거정,徐居正
통치체제,統治體制
을사대전,乙巳大典
현전,現傳
인반,印頒
신묘대전,辛卯大典
초주갑인자,初鑄甲寅字
인출,印出
경국대전,經國大典
최항,崔恒
서거정,徐居正
을사대전,乙巳大典
신묘대전,辛卯大典
인반,印頒
초주갑인자,初鑄甲寅字
인출,印出
호전,戶典
영산회상,靈山會上
후불도,後佛圖
팔상회,八相繪
월인석보,月印釋譜
도솔래의상,兜率來儀相
비람강생상,毘藍降生相
사문유관상,四門遊觀相
유성출가상,踰城出家相
설산수도상,雪山修道相
수하항마상,樹下降魔相
녹원전법상,鹿苑轉法相
쌍림열반상,雙林涅槃相
월인석보,月印釋譜
의겸,義謙
묵재,黙齋
고령,高靈
신씨,申氏
북제,北齊
도기,道紀
사견연제일,邪見緣第一
편제,篇題
소자쌍행,小字雙行
현사,玄四
문향,文鄕
백기,白基
각수명,刻手名
재조대장경,再雕大藏經
개금시,改金時
불상기문,佛像記文
불상기인발원축,佛像記因發願祝
수두,首頭
희장,熙莊
보해,寶海
경신,敬信
쌍묵,雙黙
신학,信學
청언,淸彦
청헌,淸憲
승일,勝一
선종대선사,禪宗大禪師
상호,相好
억정사지,億政寺址
대원사,大圓寺
단호사,丹湖寺
편단우견,偏袒右肩
삼도,三道
결가부좌,結跏趺坐
수인,手印
서진,西晉
축법호,竺法護
한역,漢譯
일명,一名
호이경,虎耳經
소자,小字
사두간태자이십팔수경,舍頭諫太子二十八宿經
호이경,虎耳經
진일,晉日
권축장,卷軸裝
축봉,軸棒
표지,裱紙
저지,楮紙
띠,帶
사두간이십팔수경,舍頭諫二十八宿經
함차,函次
사,思
경제,經題
사두간진일태자이십팔수경,舍頭諫晉日太子二十八宿經
호이경,一名虎耳經
사,思
상하단변,上下單邊
사두간경,舍頭諫經
장,丈
법구,法救
승가발마,僧伽跋摩
비담종,毘曇宗
소승부파,小乘部派
서품,序品
계품,界品
업품,業品
사품,使品
현성품,賢聖品
지품,智品
정품,定品
잡품,雜品
택품,擇品
논품,論品
불상응,不相應
삼무위,三無爲
구과,九果
신족,神足
도,都
함차,函次
법구조,尊者法救造
역자명,譯者名
무계,無界
권수면,卷首面
각지,各紙
목축,木軸
표죽,表竹
당,唐
삼장법사,三藏法師
의정,義淨
승속,僧俗
비시수,非時水
시수,時水
촉용수,觸用水
불수용죄,不受用罪
증촉죄,增觸罪
숙촉죄,宿觸罪
악촉죄,惡觸罪
오수착음식기죄,汚手捉飮食器罪
권축장,卷軸裝
축봉,軸棒
표지,裱紙
권자,卷子
경제,經題
수용삼수요행법,受用三水要行法
영,英
함차,函次
찬,翻經三藏法師義淨撰
의정,義淨
찬자,撰者
상하단변,上下單邊
수용삼수요법,受用三水要法
함차,函次
피휘자,避諱字
경,敬
기로소,耆老所
전배례,展拜禮
기영관,耆英館
경현당,景賢堂
영조,英祖
망팔,望八
수작례,受爵禮
재실,齋室
제관,祭官
익릉,翼陵
종산,宗山
수파묘,水波描
강음,江陰
우봉,牛峰
정계비,定界碑
서궐,西闕
경복궁,北闕
경희궁,慶熙宮
경덕궁,慶德宮
전경,全景
서궐영건도감의궤,西闕營建都監儀軌
백묘,白描
계화,界畵
비수,肥瘦
양주,楊洲
소령원,昭寧園
묘,墓
소령원,昭寧園
묘소도형여산론,墓所圖形與山論
산도,山圖
산론,山論
소령원도,昭寧園圖
제청,祭廳
비각,碑閣
피마준,披麻皴
미점,米點
소령원화소정계도,昭寧園火巢定界圖
화소,火巢
소령원배치도,昭寧園配置圖
영월,寧越
단종,端宗
장릉,莊陵
산도,山圖
청령포,淸泠浦
관풍헌,觀風軒
계화,界畵
자규루,子規樓
창절사,彰節祠
치소,治所
관방지도,關防地圖
피아,彼我
백두산,白頭山
산해관,山海關
목책장성,木柵長城
관,關
참,站
보,堡
좌향,坐向
세견,細絹
산청,山淸
안의,安義
산음,山陰
안음,安陰
서호별곡,西湖別曲
안평대군,安平大君
한호,韓濩
봉래시집,蓬萊詩集
한시,漢詩
광초풍,狂草風
주자,注子
계,薊
성책,城柵
장성,長城
관방지도,關防地圖
사행,使行
선극근,仙克謹
주승필람,籌勝必覽
청대,淸代
성경지,盛京志
오라지방도,烏喇地方圖
항해공로도,航海貢路圖
서북강해변계도,西北江海邊界圖
화사,畵師
산동해방지도,山東海防地圖
어람용,御覽用
필묘,筆妙
설월헌인,雪月軒人
참회법회,懺悔法會
발원,發願
상교정본자비도량참법,詳校正本慈悲道場懺法
절첩본,折帖本
왕건,王健
선종,宣宗
왕운,王運
휘,諱
건,健
운,運
밑받침,辶
인출,印出
후인본,後印本
보현사,普賢寺
석련,釋連
탈활,脫活
지권인,智拳印
수인,手印
불감,佛龕
원불,願佛
응원,應元
사자상,使者像
목심소조,木心塑造
자씨보살대명숭정,慈氏菩薩大明崇禎
제화보살대명숭정,提花菩薩大明崇禎
수기삼존상,授記三尊像
명옥,明玉
색민,色旻
오존도,五尊圖
오종범음집,五種梵音集
의겸,義謙
의겸,義謙
서부도전하단도,西浮圖殿下壇圖
수륙재,水陸齋
조당집,祖堂集
은기,隱奇
화보,畵譜
삼재도회,三才圖會
홍씨선불기종,洪氏仙佛奇蹤
주종장,鑄鍾匠
사장계,私匠系
사룡,四龍
사장계,私匠系
전패,殿牌
쌍룡,雙龍
전패,殿牌
개주,改鑄
도편수,都片手
부편수,副片手
사장계,私匠系
교연,皎然
정,貞
변상도,變相圖
백악산,白岳山
인왕산,仁王山
내사산,內四山
장용영,壯勇營
정사,政事
인문,人文
법궁,法宮
돈화문,敦化門
중종,中鍾
종신,鍾身
쌍용뉴,雙龍鈕
범자문대,梵字紋帶
오불회도,五佛會圖
설주,說主
주린지,十輪寺
팔,八
경상도한산도,慶尙道閑山島
삼도통제사전라좌도수군절도사,三道統制使全羅左道水軍節度使
제진,諸陣
선유,宣諭
교서,敎書
충청전라경상,忠淸全羅慶尙
삼도수군통제사,三道水軍統制使
전라좌도수군절도사,全羅左道水軍節度使
전라좌도수군절도사,全羅左道水軍節度使
전라좌도수군절도사,全羅左道水軍節度使
보인,保人
인,第四人
절충장군전라좌도수군절도사,折衝將軍全羅左道水軍節度使
절충장군전라좌도수군절도사,折衝將軍全羅左道水軍節度使
대광보국숭록대부의정부우의정겸경연사,大匡輔國崇祿大夫議政府右議政兼經筵事
선무일등공신,宣武一等功臣
덕풍부원군,德豊府院君
정모,鄭某
둔전개간,屯田開墾
우,禹
선조,宣祖
무공,武功
효충장의적의협력선무공신,效忠仗義迪毅協力宣武功臣
초상화,肖像畵
관작,官爵
품계,品階
자급,資級
초천,超遷
생질,甥姪
여서,女壻
적장,嫡長
세습,世襲
사유,赦宥
인,人
노비,奴婢
구,口
구사,丘史
명,名
전지,田地
결,結
은자,銀子
내구마,內廐馬
필,匹
사급,賜給
약정,約定
사급노비,賜給奴婢
안동부,安東府
위무,威武
가증,加贈
치제,致祭
선고,宣誥
선조,宣祖
무공,武功
효충장의적의협력선무공신,效忠仗義迪毅協力宣武功臣
초상화,肖像畵
관작,官爵
품계,品階
자급,資級
초천,超遷
생질,甥姪
여서,女壻
적장,嫡長
세습,世襲
사유,赦宥
인,人
노비,奴婢
구,口
구사,丘史
명,名
전지,田地
결,結
은자,銀子
내구마,內廐馬
필,匹
사급,賜給
약정,約定
사급노비,賜給奴婢
안동부,安東府
위무,威武
가증,加贈
치제,致祭
선고,宣誥
현진,玄眞
인균,印均
정희대왕대비,貞熹大王大妃
인수대비,仁粹大妃
안순대비,安順大妃
견성사,見性寺
보각,補刻
검간,黔澗
조정,趙靖
인,人
문무왕,文武王
의상대사,義湘大師
보협인다라니경,寶篋印陀羅尼經
범서총지집,梵書摠持集
총지사,摠持寺
사원,思遠
석독구결,釋讀口訣
연기,年記
포,袍
상품,上品
어필각,御筆閣
편액,扁額
만세루,萬歲樓
선당,禪堂
통수,通守
의가비전,醫家秘傳
의가비전수신비용가감십삼방,醫家秘傳隨身備用加減十三方
경험급구방,經驗急救方
의서,醫書
권하,卷下
의방,醫方
약방문,藥方文
판각,板刻
지질,紙質
시호,施護
성지세다라니,聖持世陀羅尼
지세보살,持世菩薩
수지,受持
독송,讀誦
각자,刻字
초조판,初雕板
신역,新譯
증의자,證義者
철문,綴文
필수,筆授
증범문,證梵文
증범의,證梵義
윤문,潤文
역경,譯經
의경세자,懿敬世子
경릉,敬陵
원찰,願刹
정인사,正因寺
수국사,守國寺
청구,靑丘
경도,京都
함경도,咸鏡道
영조,英祖
비변사,備邊司
방안지,方眼紙
부,府
군,郡
현,縣
비변사,備邊司
산성,山城
창보,倉堡
봉수,烽燧
해로,海路
읍성,邑城
민호,民戶
군향,軍餉
성군,城軍
역참,驛站
마필,馬匹
황해도,黃海道
비변사,備邊司
수군절도사령,水軍節度使營
소강진,所江鎭
행영,行營
비변사,備邊司
방안지,方眼紙
적선,赤線
면명,面名
주기,註記
민호,民戶
전결,田結
세곡,稅穀
면리,面里
안음,安陰
산음,山陰
안의,安義
산청,山淸
무이진도형,撫夷鎭圖形
경주지도,慶州地圖
하양지도,河陽地圖
비변사,備邊司
관향,貫鄕
선화당,宣化堂
부윤,府尹
본관,本官
객사,客舍
영정,影幀
진전,眞殿
경기전,慶基殿
감사,監司
남원,南原
일신,一新
비변사,備邊司
주기,註記
민호,民戶
전결,田結
세곡,稅穀
도지도,都地圖
문의,文義
비변사,備邊司
전도,全圖
주기,註記
경도,京都
민호,民戶
전답,田畓
세곡,稅穀
군정,軍丁
역참,驛站
진도,津渡
면리,面里
수파묘,水波描
혼일강리역대국도지도,混一疆理歷代國都之圖
성,省
황하,黃河
고산자,古山子
분첩절첩식,分疊折帖式
온성,穩城
종성,鐘城
경원,慶源
영아,營衙
읍치,邑治
성지,城池
진보,鎭堡
창고,倉庫
목소,牧所
봉수,烽燧
방리,坊里
고현,古縣
고진보,古鎭堡
고산성,古山城
도로,道路
영아,營衙
김정호,金正浩
김정호,金正浩
여지도,輿地圖
김정호,金正浩
진헌마정색도,進獻馬正色圖
허목,許穆
기문,記文
목자,牧子
북벌계획,北伐計畵
군마,軍馬
폭,幅
면,面
군명,郡名
이정표,里程表
마정,馬政
마정,馬政
김광훈,金光薰
신선욱,申先郁
청아여지형정석의서,淸俄輿地形情釋義序
양지,洋紙
관방도,關防圖
고금,古今
계축맹하,癸丑孟夏
반자밀제,般刺密帝
계환,戒環
대작,大作
무염,無染
무염,無染
함양군부인,咸陽郡夫人
초생정토,超生淨土
지장보살본원경,地藏菩薩本願經
견성사,堅城寺
안순왕후,安順王后
한씨,韓氏
대방광불화엄경,大方廣佛華嚴經
대방광불화엄경,大方廣佛華嚴經
절첩장,折帖裝
사간판,寺刊板
저본,底本
권하,橡紙銀泥無上依經卷下
은사경,銀寫經
탁휘,卓輝
법해,法海
설잠,雪岑
성징,性澄
화기,畵記
선교합일,禪敎合一
염화시중,拈華示衆
의균,義均
석민,碩敏
성익,性益
지붕,智朋
체환,體環
쾌민,快敏
삼학,三學
조,條
대화원,大畵員
의균,義均
묘해,妙解
지영,智英
상명,尙明
철선묘,鐵線描
천오,天悟
금명,錦明
최훈,最熏
적조,寂照
지순,智淳
조한,祖閑
임한,任閑
복장주머니,腹藏囊
처일,處一
설법인,說法印
불회도,佛會圖
조형,祖型
환성사미타삼존조성결원문,還城寺彌陁三尊造成結願文
대선사,大禪師
성료,性了
선사,禪師
혜정,惠正
계회도,契會圖
가전,家傳
추관계회도,秋官契會圖
형조,刑曹
강변산수식,江邊山水式
기성입직사주도,騎省入直賜酒圖
병조,兵曹
금오계회도,金吾契會圖
의금부,義禁府
고식,古式
일문,一門
삼대,三代
장황,粧潢
호성공신교서,扈聖功臣敎書
의주,義州
정탁,鄭琢
책록,冊錄
임진전란사,壬辰戰亂史
대군주,大君主
고종,高宗
대한제국,大韓帝國
한,漢
후한,後漢
개창제,開倉帝
광무제,光武帝
광무,光武
국새,國璽
어새,御璽
어보,御寶
보인,寶印
보인부신총수,寶印符信總數
황제어새,皇帝御璽
어새류,御璽類
인주,印朱
이태리,義國
친서,親書
내대신,內大臣
비장,秘藏
제국익문사,帝國益聞社
장서각,藏書閣
제국익문사비보장정,帝國益聞社秘報章程
익문사,益聞社
옥보,玉寶
훈기,勳記
귀뉴형,龜鈕形
금보,金寶
보,寶
인,印
보인소의궤,寶印所儀軌
보장,寶匠
전흥길,全興吉
귀뉴형,龜鈕形
옥보,玉寶
보인부신총수,寶印符信總數
세자시강원,世子侍講院
국기,國旗
보인부신총수,寶印符信總數
뉴식,鈕式
보면,寶面
구첩전문,九疊篆
대한국새,大韓國璽
보장,寶匠
전흥길,全興吉
보장,寶匠
제고,制誥
대례의궤,大禮儀軌
보새,寶璽
책보조성소,冊寶造成所
심순택,沈舜澤
민병석,閔丙奭
보장,寶匠
서기,瑞氣
귀뉴,龜鈕
유대,鈕臺
보면,寶面
구첩전문,九疊篆
소전,小篆
대한국새,大韓國璽
황제지새,皇帝之璽
황제지보,皇帝之寶
칙명지보,勅命之寶
제고지보,制誥之寶
시명지보,施命之寶
명헌태후지보,明憲太后之寶
황후지보,皇后之寶
황태자보,皇太子寶
황태자비지보,皇太子妃之寶
대례의궤,大禮儀軌
보인부신총수,寶印符信總數
보신,寶身
서기,瑞氣
소전,小篆
원수부,元帥府
대원수보,大元帥寶
원수지보,元帥之寶
원수부인,元帥府印
대원수,大元帥
전군,全軍
보신,寶身
소전,小篆
뉴식,鈕式
귀뉴,龜鈕
뉴대,鈕臺
보면,寶面
결락,缺落
수보묵서명,修補墨書銘
승재색,僧齋色
시흥위위,內侍試興威衛
장사,長史
송,宋
최고,最古
접목조기법,接木造技法
대웅전관음개금현판,大雄殿觀音槪金懸板
중수원문,重修願文
보계,寶髻
보발,寶髮
승안,承安
신고전주의,新古典主義
삼신불상,三身佛像
강재희,姜在喜
조성발원문,造成發願文
현진,玄眞
응원,應元
수연,守衍
옥명,玉明
법령,法玲
명은,明訔
청허,淸虛
성인,性仁
보희,普熙
인균,印均
경현,敬玄
지수,志修
태감,太鑑
조상화원,造像畵員
성옥,性玉
승일,勝一
밀연,密衍
의인,義仁
치장,治匠
불사,佛事
지권인,智拳印
수인,手印
현진,玄眞
청헌,淸憲
호부낭중,戶部郞中
원접사,遠接使
천사사한진적,天使詞翰眞蹟
년,戊申
소망일,小望日
인명,人名
자호,字號
행서,行書
사가집,四佳集
증장원정서,贈張院正序
통문관지,通文館志
청송서,聽松書
청송,聽松
가도,賈島
두목,杜牧
구양수,歐陽脩
청은당,淸隱堂
인영,印影
소자,小字
대자,大字
담묵,淡墨
봉래,蓬萊
저광의,儲光羲
낙양도,洛陽道
선경,仙境
장욱,張旭
회소,懷素
방일,放逸
근묵,槿墨
시고,詩稿
원필세,圓筆勢
대자초서,大字草書
초성,草聖
천보탄,天寶灘
매학정,梅鶴亭
처사,處士
회소,懷素
동해옹,東海翁
옥산,玉山
대폭,大幅
고산,孤山
차운,次韻
시,詩
쓰다,孤山梅鶴亭主人書
삼태사,三太師
인문,印文
간정,簡淨
수작,秀作
남창,南窓
북애,北崖
아천군,鵞川君
의간공,懿簡公
제사,題辭
만사,晩沙
송설체,松雪體
선조,宣祖
계비,繼妃
배길기,裵吉基
제월당,濟月堂
원당,願堂
금광명최승왕경,金光明最勝王經
정명공주,貞明公主
명안공주관련유물,明安公主關聯遺物
원적,原蹟
대자,大字
부기,附記
어제칠언시,御製七言詩
행초,行草
효묘어필진적,孝廟御筆眞蹟
제서,題書
묵적,墨蹟
명상,名相
백헌집,白軒集
묵적,墨蹟
어찰지,御札紙
숙종어제,肅宗御製
전서,篆書
숙종성제보묵,肅宗聖製寶墨
갑,匣
현종,顯宗
궤장,几杖
숙빈묘,淑嬪廟
어필친제제문초,御筆親祭祭文草
축사,祝詞
최효원,崔孝元
육상묘,毓祥廟
육상묘,毓祥廟
소령원,昭寧園
육상궁,毓祥宮
공첩,空帖
전면대자,前面大字
서평군,西平君
비음,碑陰
전자,篆字
농대석,籠臺石
화양구곡,華陽九曲
읍궁암,泣弓巖
내의원,內醫院
부전지,附箋紙
비답,批答
사언시고,四言詩稿
서시옥당,書示玉堂
학사관,學士館
대자,大字
정와,靜窩
금니,金泥
은니,銀泥
시경,詩經
천보구여,天保九如
양각인,陽刻印
홍재,弘齋
만기지가,萬幾之暇
음양각인,陰陽刻印
성당,惺堂
정조황제어제어필,正祖皇帝御製御筆
제문상정사,題汶上精舍
기년작,記年作
정와,靜窩
문상정사,汶上精舍
운룡문,雲龍紋
규장지보,奎章之寶
홍재,弘齋
만기지가,萬幾之暇
어용인,御用印
궁중표장,宮中表裝
국제,菊製
어제,御題
별유,別諭
초기,草記
어서,御書
초고,草稿
모훈,謨訓
봉모당,奉謨堂
납입,納入
향낭,香囊
묵서,墨書
지희,智熙
청허,淸虛
영색,英賾
현욱,玄旭
천휘,天輝
나흠,懶欽
법찬,法燦
청헌,淸憲
개조,改造
상화원,上畵員
도익,道益
수원,守源
불격,佛格
탁휘,卓輝
도익,道益
도문,道文
설잠,雪岑
계순,戒淳
해영,海英
임란,壬亂
호란,胡亂
중종,中鍾
주장,鑄匠
화원,畵圓
원오비구,元悟比丘
사장,私匠
승장,僧匠
장,張
단권경,單卷經
불복,佛腹
범백사,凡百事
길흉,吉凶
오행사상,五行思想
사안,事案
횡간식,橫看式
택일,擇日
선택서,選擇書
종식,九焦日種植
장단성일,長短星日
천지앙일,天地殃日
광수공덕,廣修功德
재화,災禍
공덕,功德
오행사상,五行思想
성명학,星命學
원당주,願堂主
탑비,塔碑
음기,陰記
도평성,都評省
중도,衆徒
우법사,右法師
첩문,帖文
고사경,古寫經
고판경,古板經
사경체자,寫經體字
사경형식,寫經形式
권수제,卷首題
수당대,隋唐代
행자수,行字數
사성,寫成
의겸,儀謙
통영,統營
측우대,測雨臺
명문,銘文
자비도량참법집해,慈悲道場懺法集解
인본,印本
직지,直指
흥덕사자,興德寺字
교학적,敎學的
노자권재구의,老子鬳齋口義
구의체,口義體
노자권재구의,老子鬳齋口義
계미자,癸未字
경자자,庚子字
전존본,傳存本
노자권재구의,老子鬳齋口義
결장,缺張
전권,全卷
경자자,庚子字
인본,印本
전본,傳本
판본학상,版本學上
인본,印本
법수사지,法水寺址
천자문,千字文
서사,書寫
필체,筆體
판하본,板下本
간행,刊行
목판본,木板本
현전,現傳
유일,唯一
초간본,初刊本
석봉서체,石峰書體
교육사,敎育史
국어사,國語史
출판문화사,出版文化史
궁중나인,宮中內人
경안군,慶安君
수명장원,壽命長遠
고승,高僧
취미수초,翠微守初
혜희,慧熙
금문,金文
복장전적,順天松廣寺木造觀音菩薩坐像腹藏典籍
대방광불화엄경합론,大方廣佛華嚴經合論
박문손,朴文孫
광주목,全羅道光州牧
교장,敎藏
인본,印本
선,禪
병서,幷序
서대원사사문법장술,西大原寺沙門法藏述
의기,義記
기신론의기상,起信論義記上
진,晉
보주,補注
보자,補字
상호,相好
선문,禪門
마조,馬祖
백장,百丈
황벽,黃蘗
표제,標題
내제,內題
팔도선교대총섭,八道禪敎大總攝
봉래,蓬萊
금란가사,金襴袈裟
발우,鉢盂
정오,靜吾
청선,聽蟬
소릉공,少陵公
동주,東州
환어정주인,喚魚亭主人
범준,范俊
범씨심잠,范氏心箴
장시,長詩
애강두,哀江頭
수증자,受贈者
당시,唐詩
선장,線裝
선우추,鮮于樞
동토,童土
봉래,蓬萊
중봉세,中鋒勢
광초,狂草
기호학파,畿湖學派
송,宋
양시,楊時
저궁관매기강후,渚宮觀梅寄康侯
장지,壯紙
숭정기유청화춘옹서증손병하,崇禎己酉淸和春翁書贈孫炳夏
서축,書軸
하경,夏卿
매산,梅山
소릉,少陵
옥동,玉洞
성호,星湖
공십,共十
명,銘
동산,東山
명월,明月
북창,北窓
청풍,淸風
성서,城西
초당,草堂
매헌,梅軒
죽오,竹塢
대자서,大字書
당시,唐詩
경서,經書
시,詩
일화,逸話
왕희지,王羲之
소해,小楷
원필,圓筆
황기로,黃耆老
청선,聽蟬
공재,恭齋
문인,門人
상첩,上帖
소해,小楷
중해,中楷
대자서,大字書
사지격절,辭旨激切
이식현오,理識玄奧
광초,狂草
조자원리,造字原理
제발,題跋
운원,運元
관기,觀記
원교은자,員嶠隱者
도보,道甫
원교,員嶠
인영,印影
담옥색,淡玉色
금니,金泥
전서,篆書
석문,釋文
제첨,題簽
원교법첩,員喬法帖
전해초,篆楷艸
원교,員喬
원교법첩,員嶠法帖
작첩,作帖
서론적,書論的
여일,汝一
경재잠,敬齋箴
자간,字間
조전비,曺全碑
원령,元靈
원령필,元靈筆
첩장,帖裝
선장,線裝
옥저전,玉箸篆
갈필,渴筆
양시,楊時
죽청지,竹淸紙
절필,折筆
이양빙,李陽氷
옥저전,玉箸篆
조전비,曺全碑
동한시대,東漢時代
을영비,乙瑛碑
사신비,史晨碑
장천비,張遷碑
조전비,曺全碑
하승비,夏承碑
수작,秀作
고문,古文
다조,茶竈
약천,藥泉
정석,丁石
석가산,石假山
전서,篆書
구양순,歐陽詢
옹방강,翁方綱
천자문,千字文
개장,改裝
구양순,歐陽詢
저수량,褚遂良
안진경,顔眞卿
기준작,基準作
금석,金石
경서,經書
고졸,古拙
학문,學文
명은,明隱
의능,義能
태훈,太訓
경천,敬天
극수,克修
일휘,日輝
청헌,淸憲
법현,法玄
원택,元澤
두부,頭部
불사동참결연작복록,佛事同叅結緣作福錄
만력사십삼년을묘불상조성,萬曆四十三年乙卯佛像造成
의대,衣帶
수작,秀作
인영,印迎
탄준,誕隼
지변,智邊
서명,瑞明
종탄,宗誕
선우,善祐
조능,祖能
광흠,廣欽
홍특,弘特
각환,覺還
계홍,戒弘
오종범음집,五種梵音集
의겸,義謙
시주지,時住持
위,位
채운,彩雲
의겸,義謙
행종,幸宗
채인,採仁
명정,明淨
최우,最祐
원민,元敏
처영,處英
신영,信英
심감,心鑑
신오,信悟
득총,得聰
수곡면사곡리,水谷面士谷里
만,卍
만,卍
계당,戒堂
진옥,眞玉
문헌,文軒
속성,俗姓
왕,王
기문,記文
도대장미지산설봉사문천보,圖大匠彌智山雪峯沙門天宝
치죽,緇竹
득남,得男
득일,得一
설봉,雪峯
원권,圓圈
범자,梵字
파지옥진언,破地獄眞言
종비반석왕도미륭혜일장명법주사계,宗啚磐石王道彌隆惠日長明法周沙界
신사년,辛巳年
신사,辛巳
삼봉선생집,三峯先生集
중간,重刊
안동판,安東版
삼간,三刊
강릉판,江陵版
권근,權近
시고,詩稿
경제문감,經濟文鑑
조선경국전,朝鮮經國典
불씨잡변,佛氏雜辨
안동부,安東府
목판,木版
중간본,重刊本
제영,題詠
경제문감별집,經濟文鑑別集
강릉,江陵
추각,追刻
장판,藏板
삼봉집,三峯集
규장각,奎章閣
교정,校正
대구,大邱
목판,木版
삼봉선생집,三峯先生集
권수제,卷首題
비점,批點
어미,魚尾
비점,批點
수계선생비점맹호연집,須溪先生批點孟浩然集
성당기,盛唐期
시인,詩人
맹호연,孟浩然
원초,宋末元初
수계,須溪
비점,批點
길안,吉安
세종,世宗
남원도호부,南原都護府
유람,遊覽
증답,贈答
송별,送別
연악,宴樂
회사,懷思
전원,田園
조원복,趙元福
판각용,板刻用
정서본,淨書本
인수대비,仁粹大妃
한확,韓確
신숙주,申叔舟
명록,名錄
원,元
번각,飜刻
판각용,板刻用
고본,稿本
산학,算學
상명산,詳明算
계몽산,啓蒙算
양휘산,揚輝算
오조산,五曹算
지산,地算
신간상명산법,新刊詳明算法
지재,止齊
안눌,安訥
원,元
주세걸,朱世傑
산학계몽,算學啓蒙
남송,南宋
양휘,楊輝
양휘산법,揚輝算法
권두,卷頭
구장명수,九章名數
대소명수,大小名數
구구합수,九九合數
두곡장척,斗斛丈尺
근평전무,斤秤田畝
구결,口訣
승제견총,乘除見摠
인법,因法
가법,加法
승법,乘法
귀법,歸法
감법,減法
귀제,歸除
구일,求一
상제,商除
약분,約分
이승동제,異乘同除
취물추문,就物抽分
차분,差分
화합차분,和合差分
단필,端疋
근평,斤秤
퇴타,堆垜
반량창교,盤量倉窖
장량전무,丈量田畝
전무유량,田畝紐粮
수축,修築
신간상명산법,新刊詳明算法
명경당,明經堂
을해자,乙亥字
산학,算學
각길상지,覺吉祥智
시호,施護
온,蘊
처,處
계,界
연생,緣生
지,地
공,空
보리분,菩提分
성제,聖諦
정려,靜慮
무량심,無量心
무색정,無色定
해탈,解脫
입관,入觀
차제,次第
해탈문,解脫門
신통,神通
무외,無畏
무애해,無礙解
대자,大慈
대비,大悲
불공법,不共法
성문과,聲聞果
진여,眞如
무상,無相
법계,法界
법장,法藏
중희,仲希
현정기,顯正記
한계희,韓繼禧
국역,國譯
간경도감,刊經都監
후인,後印
심,心
심장,心臟
의식,儀式
공,空
자성,自性
자재암,自在庵
진금강경심경전,進金剛經心經箋
제기,題記
진전문,進箋文
후인,後印
학조,學祖
을해자,乙亥字
서제,序題
진운사문석중희술,縉雲沙門釋仲希述
원필,圓筆
판서자,板書者
안혜,安惠
유환,柳睆
박경,朴耕
정서,淨書
고정지,藁精紙
인경지,印經紙
간경도감,刊經都監
금강경심경전,金剛經心經箋
전시용,戰時用
시,詩
운담풍경근오천,雲淡風輕近午天
방화수류과전천,訪花隨柳過前川
치성,雉城
총안,銃眼
포루,鋪樓
전안,箭眼
현안,懸眼
성제,城制
총안,聰眼
협시청중도,脇侍聽衆圖
동인시화,東人詩話
서거정,徐居正
화국문장,華國文章
시론,詩論
완본,完本
마명,馬鳴
대승기신론,大乘起信論
정종분,正宗分
인연분,因綠分
해석분,解釋分
수행선심분,修行善心分
권수이익분,勸修利益分
원효,元曉
혜원,慧遠
의기,義記
종밀,宗密
권상지이,卷上之二
권하지일,卷下之一
권하지이,卷下之二
권상지일,卷上之一
백지금니범망보살계경,白紙金泥梵網菩薩戒經
충식,蟲食
표제,經名
범망경보살계서,梵網經菩薩戒序
수보살계법병서,受菩薩戒法幷序
수보살계의,受菩薩戒儀
사성기,寫成記
지암,芝岩
무외,無外
계원,戒元
사성기,寫成記
봉안기,奉安記
고운,孤雲
최치원,崔致遠
병화,兵禍
의윤,宜胤
정기,正己
진일,賑一
화산,華山
옥보,玉寶
증명,證明
운혜,雲惠
순치,順治
풍계순정,楓溪舜靜
수연,守衍
정,井
정,井
약기인,藥器印
정,井
불의,佛衣
증류비용본초,證類備用本草
정화본초,政和本草
당신미,唐愼微
경사증류비급본초,經史證類備急本草
구종석,寇宗奭
본초연의,本草衍義
성도,成都
화양,華陽
당신미,唐愼微
명방,名方
비약,秘藥
원풍,元豊
원부,元符
정고,定稿
본초학,本草学
경사증류비급본초,經史證類備急本草
대관,大觀
경의관,經醫官
애성,艾晟
중정,重正
대관경사증류비급본초,大觀經史證類備急本草
정화,政和
조효충,曹孝忠
정화신수증류비용본초,政和新修證類備用本草
소흥,紹興
소흥교정경사증류비급본초,紹興校定經史證類備急本草
순우,淳祐
평양,平陽
장존혜,張存惠
본초연의,本草衍義
중수정화경사증류비용본초,重修政和經史證類備用本草
회덕헌,晦德軒
중수정화경사증류비용본초,重修政和經史證類備用本草
삼강행실도,三綱行實圖
삼강오륜,三綱五倫
행실도류,行實圖類
전범,典範
삼강행실도,三綱行實圖
산략,刪略
삼강행실효자도,三綱行實孝子圖
삼강행실충신도,三綱行實忠臣圖
삼강행실도,三綱行實圖
삼강행실효자도,三綱行實孝子圖
삼강행실충신도,三綱行實忠臣圖
사적,事蹟
시,詩
찬,讚
삼강행실효자도,三綱行實孝子圖
효순사실,孝順事實
효행록,孝行錄
한,漢
당,唐
송,宋
원,元
시찬,詩讚
백권점,白圈點
단구,斷句
삼강행실도,三綱行實圖
광곽,匡郭
변란,邊欄
계선,界線
자획,字劃
화면,畵面
석준,釋俊
각민,覺敏
박지수,朴枝壽
교지,敎旨
가장,家藏
충효사,忠孝祠
송간일기,松澗日記
안견파,安堅派
단선점준,短線點皴
의궤,儀軌
기년작,紀年作
가필,加筆
최고,最古
이십삼상대회도,二十三霜臺會圖
박지수,朴枝壽
반남,潘南
겸지,謙之
장익,章翼
박동량,朴東亮
박필하,朴弼賀
설서,說書
검열,檢閱
정언,正言
수찬,修撰
도당록,都堂錄
신임사화,辛壬士禍
태인,泰仁
금원군,錦原君
우의정민진원비,右議政閔鎭遠碑
금원옹오십이세상,錦原翁五十二歲像
종이품,從二品
학정금대,鶴頂金帶
쌍학문양,雙鶴文樣
족좌대,足座臺
팔자형,八字形
안두,眼頭
종유,宗裕
운혜,雲惠
수연,守衍
경림,敬林
명계조각,冥界彫刻
송단,松壇
존경각,尊經閣
부사,府使
민주면,閔周冕
정로,正路
계림,桂林
문천,蚊川
대설위,大設位
외삼문,外三門
신삼문,神三門
전묘후학,前廟後學
지현,知玄
찬인,贊印
혜정,惠淨
도성,道聖
명신,明信
긍성,肯聖
명안,明眼
학륜,學倫
인종,印宗
인신,印信
숭정,崇禎
기사,己巳
현진,玄眞
승일,勝一
천민,天敏
수영,守英
현진,玄眞
결가부좌,結跏趺坐
사승,師承
재단,齋壇
채인,彩仁
일민,日敏
태현,太玄
의겸,義謙
성징,性澄
신정,愼淨
한영,漢英
인행,印行
세관,世冠
국영,國暎
칠여래,七如來
재단,齋檀
구장,舊藏
성징,性澄
세관,世冠
인행,印行
고면,鼓面
중구,中區
대장,大匠
금고,金鼓
금구,禁口
반자,盤子
범자,梵字
운룡,雲龍
포류수금문,蒲柳水禽文
여의두곽,如意頭廓
범자문,梵字文
대부,臺部
복련,覆蓮
가선대부,嘉善大夫
청곡사,靑谷寺
대방광불화엄경,大方廣佛華嚴經
화엄경,華嚴經
한역본,漢譯本
삼본,三本
진본,晉本
입법계품제삼십사지십,入法界品第三十四之十
상하단변,上下單邊
저지,楮紙
장정,裝訂
권축장,卷軸裝
권두,卷頭
권말,卷末
향목,香木
주칠,朱漆
함차,函次
대방광불화엄경,大方廣佛華嚴經
도,道
몽산화상,蒙山和尙
덕이,德異
업인,業因
아귀,餓鬼
축생,畜生
아수라,阿修羅
인간,人間
천상,天上
성문,聲聞
연각,緣覺
보살,菩薩
불,佛
사성,四聖
십계,十界
불서,佛書
홍치,弘治
진안,鎭安
용출산,聳出山
현암,懸庵
개판,開板
사주단변,四周單邊
행자수,行字數
상하대흑구,上下大黑口
상하내향흑어미,上下內向黑魚尾
구결,口訣
주,註
선장,線裝
개장,改裝
대광사판본,大光寺版本
수암,殊菴
각수,刻手
제반교,濟盤橋
소간의대,小簡儀臺
첨성대,瞻星臺
건원릉,健元陵
태조고황제,太祖高皇帝
현릉,玄陵
익공,翼工
숭릉,崇陵
현종,顯宗
쌍릉,雙陵
찬궁,攢宮
영릉,寧陵
천릉,遷陵
영릉,英陵
강릉,康陵
장릉,長陵
영릉,寧陵
목릉,穆陵
선조,宣祖
동원이강릉,同原異岡陵
유릉,裕陵
이건,移建
측벽,側壁
결구,結構
고주,高柱
공포,栱包
다포형식,多包形式
살미,山彌
동악,東岳
토함산,土含山
북고남저,北高南低
동고서저,東高西低
익랑,翼廊
좌경루,左經樓
범영루,泛影樓
불국사고금창기,佛國寺古今創記
대웅전중창단확기,大雄殿重創丹雘記
개와,蓋瓦
후불탱,後佛幀
박정희,朴正熙
초화문양,草花文樣
봉황,鳳凰
우주,隅柱
탱주,撐柱
갑석,甲石
기단,架構基壇
초화문양,草花文樣
봉황,鳳凰
전소,全燒
석주,石柱
야거형,野居形
영,榮
원년,景泰元年
경권,經卷
경태,景泰
법정,法正
법정,法正
조성화원,造成畵員
화성화원,畵成畵員
청허,靑虛
청헌,靑憲
발원문,發願文
수연,守衍
태전,太顚
현진,玄眞
문하승,門下僧
당대,唐代
수면,獸面
경산사지,慶山寺址
수면,獸面
매납,埋納
불설대보부모은중경판,佛說大報父母恩重經板
과판,科判
도각,刀刻
내입,內入
주자소응행절목,鑄字所應行節目
오수,寤修
서풍,書風
경판,經版
산학,算學
근덕서당,勤德書堂
습산국,習算局
산학,算學
산학,算學
최고본,最古本
시종,侍從
의주,義州
시종,侍從
정탁,鄭琢
관계,官階
몽진,蒙塵
계,階
노비,奴婢
전,田
결,結
은자,銀子
표리,表裏
단,段
내구마,內廐馬
필,匹
명록,名錄
시명지보,施命之寶
축두,軸頭
상아침,象牙針
충정,忠靖
시호,諡號
증시교지,贈諡敎旨
발급일자,發給日字
건륭십팔년사월이십삼일,乾隆十八年四月二十三日
어보,御寶
안인,安印
전기,傳記
고문서,古文書
원장,原粧
약사삼존도,藥師三尊圖
여래도,如來圖
팔상도,八相圖
아수라도,阿修羅圖
삼등분,三等分
아미타삼존도,阿彌陀三尊圖
구,軀
보살도,菩薩圖
사천왕도,四天王圖
여래도,如來圖
팔상도,八相圖
신중도,神衆圖
백색안료,白色顔料
삼관음도,線描三觀音圖
명,銘
신흥사대웅전중수기,新興寺大雄殿重修記
구,軀
동서,東西
팔상도,八相圖
향원,香遠
애련설,愛蓮說
향원지,香遠池
원림,苑林
수원,水源
열상진원,洌上眞源
일각문,一角門
봉집문,鳳集門
정취,情趣
창방,昌枋
초각,草刻
일출목,一出目
외목도리,外目道里
절병통,節甁桶
진선문,進善門
명당수,明堂水
금천,禁川
어구,御溝
의장,儀杖
노부,鹵簿
부벽,扶壁
연화보주형,蓮花寶珠形
하엽동자기둥,荷葉童子柱
환조,丸彫
귀면형,鬼面形
방형,方形
부용,芙蓉
방지,方池
천원지방,天圓地方
화계,花階
어수문,魚水門
주합루,宙合樓
서향각,書香閣
제월광풍관,霽月光風觀
사정기비각,四井記碑閣
택수재,澤水齋
부용정,芙蓉亭
주련,柱聯
십,十
익공,二翼工
계자난간,鷄子欄干
열십,十
장인,匠人
일호,一浩
축,軸
사자도,使者圖
연직사자,年直使者
월직사자,月直使者
일직사자,日直使者
시직사자,時直使者
축,軸
마,麻
팔대금강,八大金剛
사위보살,四位菩薩
정정공파,貞靖公派
동제,銅製
청화,靑畵
지문,誌文
장,一張
장,四張
흥녕부대부인,興寧府大夫人
경태,景泰
병자년,丙子年
년,景泰七年
화계,花階
어수문,魚水門
주합루,昌德宮宙合樓
만,卍
연경,演慶
